[qemu-source-build] Downloading libslirp source
[qemu-source-build] Downloading Meson
[qemu-source-build] Downloading QEMU c3d48b7d1e89604920e5b81b91140c2ad39a1943
[qemu-source-build] Downloading keycodemapdb f5772a62ec52591ff6870b7e8ef32482371f22c6
[qemu-source-build] Downloading dtc b6910bec11614980a21e46fbccc35934b671bd81
[qemu-source-build] Downloading Ninja 1.13.0
[qemu-source-build] Downloading virglrenderer source
[qemu-source-build] Downloading virglrenderer patches and regression tests
[qemu-source-build] Downloading PyYAML source
[qemu-source-build] Downloading ANGLE 1.0.16
[qemu-source-build] Downloading libepoxy 1.0.5
[qemu-source-build] Downloading pinned arm64_sequoia glib 2.88.3 bottle
[qemu-source-build] Downloading pinned arm64_sequoia pixman 0.46.4 bottle
[qemu-source-build] Downloading pinned arm64_sequoia libslirp 4.9.4 bottle
[qemu-source-build] Downloading pinned arm64_sequoia libusb 1.0.30 bottle
[qemu-source-build] Downloading pinned arm64_sequoia sdl2-compat 2.32.70 bottle
[qemu-source-build] Downloading pinned arm64_sequoia sdl3 3.4.14 bottle
[qemu-source-build] Downloading pinned arm64_sequoia gettext 1.0 bottle
[qemu-source-build] Downloading pinned arm64_sequoia pcre2 10.47_1 bottle
[qemu-source-build] Downloading pinned arm64_sequoia zstd 1.5.7_1 bottle
[qemu-source-build] Downloading pinned arm64_sequoia lz4 1.10.0 bottle
[qemu-source-build] Downloading pinned arm64_sequoia xz 5.8.3 bottle
[qemu-source-build] Downloading setuptools
[qemu-source-build] Downloading wheel
[qemu-source-build] Downloading packaging
[qemu-source-build] Downloading pip
patching file 'src/ip_icmp.c'
patching file 'src/icmp-match.h'
patching file 'test/icmp-match-test.c'
patching file 'test/icmp-darwin-test.c'
patching file meson.build
patching file 'src/udp.c'
patching file meson.build
patching file 'test/udp-translation-test.c'
patching file 'src/socket.c'
[qemu-source-build] Applying the exact render, identity, display, immersive, pause-ownership, audio, folder, Darwin compatibility, memory reclaim, pinch, precise-scroll, ISO keyboard, and USB exact-bus patches
patching file 'hw/display/virtio-gpu-virgl.c'
patching file 'include/ui/console.h'
patching file 'include/ui/egl-helpers.h'
patching file 'include/ui/sdl2.h'
patching file meson.build
patching file 'qapi/ui.json'
patching file qemu-options.hx
patching file 'ui/cocoa.m'
patching file 'ui/console.c'
patching file 'ui/egl-headless.c'
patching file 'ui/egl-helpers.c'
patching file 'ui/meson.build'
patching file 'ui/sdl2-gl.c'
patching file 'ui/sdl2.c'
patching file 'ui/shader/texture-blit-flip.vert'
patching file 'ui/shader/texture-blit.frag'
patching file 'ui/shader/texture-blit.vert'
patching file 'ui/shader.c'
patching file 'ui/cocoa.m'
patching file 'ui/cocoa.m'
patching file 'ui/cocoa.m'
patching file 'qapi/ui.json'
patching file qemu-options.hx
patching file 'ui/cocoa.m'
patching file 'ui/cocoa.m'
patching file 'ui/cocoa.m'
patching file 'ui/cocoa.m'
patching file 'audio/sdlaudio.c'
patching file 'hw/audio/hda-codec.c'
patching file 'hw/audio/trace-events'
patching file 'fsdev/file-op-9p.h'
patching file 'fsdev/qemu-fsdev-opts.c'
patching file 'fsdev/qemu-fsdev.c'
patching file 'hw/9pfs/9p-local.c'
patching file 'hw/9pfs/9p.c'
patching file 'util/cutils.c'
patching file 'include/system/hvf.h'
patching file 'accel/stubs/hvf-stub.c'
patching file 'accel/hvf/hvf-all.c'
patching file 'hw/virtio/virtio-balloon.c'
patching file 'accel/hvf/hvf-all.c'
patching file 'hw/display/virtio-gpu-virgl.c'
patching file 'include/ui/cocoa-pinch.h'
patching file 'include/hw/virtio/virtio-input.h'
patching file 'hw/input/virtio-input-hid.c'
patching file 'hw/virtio/virtio-input-pci.c'
patching file 'ui/cocoa.m'
patching file 'hw/input/virtio-input-hid.c'
patching file 'include/hw/virtio/virtio-input.h'
patching file 'include/ui/cocoa-scroll.h'
patching file 'qapi/ui.json'
patching file 'ui/cocoa.m'
patching file 'ui/cocoa.m'
patching file 'ui/cocoa.m'
patching file meson.build
patching file 'include/ui/input.h'
patching file 'ui/input.c'
patching file 'hw/usb/host-libusb.c'
patching file 'ui/cocoa.m'
patching file 'ui/cocoa.m'
patching file 'ui/cocoa.m'
patching file 'ui/cocoa.m'
patching file 'src/vrend/vrend_debug.c'
patching file 'src/virgl_util.c'
patching file config.h.meson
patching file meson.build
patching file 'server/meson.build'
patching file 'server/render_client.c'
patching file 'server/render_common.c'
patching file 'server/render_context.c'
patching file 'server/render_context.h'
patching file 'server/render_protocol.h'
patching file 'server/render_server.c'
patching file 'server/render_socket.c'
patching file 'server/render_socket.h'
patching file 'server/render_state.c'
patching file 'server/render_state.h'
patching file 'server/render_worker.c'
patching file 'src/meson.build'
patching file 'src/proxy/proxy_client.c'
patching file 'src/proxy/proxy_context.c'
patching file 'src/proxy/proxy_renderer.c'
patching file 'src/proxy/proxy_server.c'
patching file 'src/proxy/proxy_server.h'
patching file 'src/proxy/proxy_socket.c'
patching file 'src/proxy/proxy_socket.h'
patching file 'src/venus/venus-protocol/vulkan.h'
patching file 'src/venus/venus-protocol/vulkan_beta.h'
patching file 'src/venus/venus-protocol/vulkan_metal.h'
patching file 'src/venus/vkr_allocator.c'
patching file 'src/venus/vkr_buffer.c'
patching file 'src/venus/vkr_common.h'
patching file 'src/venus/vkr_context.c'
patching file 'src/venus/vkr_context.h'
patching file 'src/venus/vkr_device.c'
patching file 'src/venus/vkr_device_memory.c'
patching file 'src/venus/vkr_image.c'
patching file 'src/venus/vkr_instance.c'
patching file 'src/venus/vkr_library.c'
patching file 'src/venus/vkr_library.h'
patching file 'src/venus/vkr_physical_device.c'
patching file 'src/venus/vkr_physical_device.h'
patching file 'src/venus/vkr_queue.c'
patching file 'src/venus/vkr_renderer.c'
patching file 'src/venus/vkr_renderer.h'
patching file 'src/venus/vkr_ring.c'
patching file 'src/virgl_context.h'
patching file 'src/virgl_resource.c'
patching file 'src/virgl_resource.h'
patching file 'src/virgl_util.c'
patching file 'src/virglrenderer.c'
patching file 'src/virglrenderer.h'
patching file 'src/virgl_hw.h'
patching file 'src/vrend/vrend_blitter.h'
patching file 'src/vrend/vrend_decode.c'
patching file 'src/vrend/vrend_formats.c'
patching file 'src/vrend/vrend_metal.h'
patching file 'src/vrend/vrend_metal.m'
patching file 'src/vrend/vrend_renderer.c'
patching file 'src/vrend/vrend_renderer.h'
patching file 'src/vrend/vrend_shader.c'
patching file 'src/vrend/vrend_winsys_egl.c'
patching file 'src/vrend/vrend_winsys_egl.h'
patching file 'src/venus/venus-protocol/vn_protocol_renderer_info.h'
patching file 'src/venus/venus-protocol/vn_protocol_renderer_util.h'
patching file 'src/mesa/util/u_endian.h'
patching file 'src/vrend/vrend_metal.h'
patching file 'src/vrend/vrend_metal.m'
patching file meson.build
patching file 'src/vrend/vrend_renderer.c'
patching file 'src/vrend/vrend_shader.c'
patching file 'src/vrend/vrend_renderer.c'
patching file 'src/vrend/vrend_renderer.c'
patching file 'src/vrend/vrend_formats.c'
patching file 'src/vrend/vrend_renderer.c'
patching file 'src/proxy/proxy_socket.c'
patching file 'src/vrend/vrend_renderer.c'
patching file 'src/vrend/vrend_winsys_egl.c'
patching file 'src/vrend/vrend_renderer.c'
patching file 'src/vrend/vrend_renderer.c'
patching file 'src/vrend/vrend_renderer.h'
patching file 'src/vrend/vrend_renderer.c'
patching file 'src/vrend/vrend_formats.c'
patching file 'src/vrend/vrend_renderer.c'
patching file 'src/vrend/vrend_shader.c'
patching file 'src/vrend/vrend_shader.h'
patching file 'src/vrend/vrend_renderer.c'
patching file 'src/vrend/vrend_formats.c'
[qemu-source-build] Building optimized patched VirGL 1.3.0 for macOS 15.0
The Meson build system
Version: 1.9.0
Source dir: /Users/gillesgoetsch/omacvm-app/runtime/.build/tmp/omarchy-qemu-source-build.EbYfXw/source/virglrenderer-1.3.0
Build dir: /Users/gillesgoetsch/omacvm-app/runtime/.build/tmp/omarchy-qemu-source-build.EbYfXw/source/virglrenderer-1.3.0/build
Build type: native build
Project name: virglrenderer
Project version: 1.3.0
C compiler for the host machine: cc (clang 17.0.0 "Apple clang version 17.0.0 (clang-1700.6.4.2)")
C linker for the host machine: cc ld64 1230.1
Host machine cpu family: aarch64
Host machine cpu: aarch64
Compiler for C supports arguments -Werror=enum-int-mismatch: NO 
Compiler for C supports arguments -Werror=implicit-function-declaration: YES 
Compiler for C supports arguments -Werror=missing-prototypes: YES 
Compiler for C supports arguments -Werror=pedantic: YES 
Compiler for C supports arguments -Wmissing-prototypes: YES 
Compiler for C supports arguments -Werror=incompatible-pointer-types: YES 
Compiler for C supports arguments -Werror=int-to-pointer-cast: YES 
Compiler for C supports arguments -Werror=switch: YES 
Compiler for C supports arguments -Wno-overlength-strings: YES 
Compiler for C supports arguments -Wno-missing-field-initializers: YES 
Compiler for C supports arguments -Werror=format: YES 
Compiler for C supports arguments -fvisibility=hidden: YES 
Compiler for C supports arguments -fno-strict-aliasing: YES 
Program python3 found: YES (/opt/homebrew/bin/python3)
Run-time dependency threads found: YES
Found pkg-config: YES (/opt/homebrew/bin/pkg-config) 3.0.6
Run-time dependency epoxy found: YES 1.5.11
Library m found: YES
Did not find CMake 'cmake'
Found CMake: NO
Run-time dependency libdrm found: NO (tried pkgconfig, framework and cmake)
Run-time dependency libdrm_amdgpu found: NO (tried pkgconfig, framework and cmake)
Has header "sys/uio.h" : YES 
Has header "dlfcn.h" : YES 
Checking for function "pthread_setaffinity_np" with dependency threads: NO 
Has header "pthread_np.h" : NO 
Has header "sys/eventfd.h" : NO 
Has header "sys/select.h" : YES 
Has header "linux/dma-buf.h" : NO 
Has header "linux/udmabuf.h" : NO 
Run-time dependency appleframeworks found: YES (Metal, CoreFoundation)
Objective-C compiler for the host machine: clang (clang 17.0.0)
Objective-C linker for the host machine: clang ld64 1230.1
Checking for function "bswap32" : YES 
Checking for function "bswap64" : YES 
Checking for function "clz" : YES 
Checking for function "clzll" : YES 
Checking for function "expect" : YES 
Checking for function "ffs" : YES 
Checking for function "ffsll" : YES 
Checking for function "popcount" : YES 
Checking for function "popcountll" : YES 
Checking for function "types_compatible_p" : YES 
Checking for function "unreachable" : YES 
Compiler for C supports function attribute const: YES 
Compiler for C supports function attribute flatten: YES 
Compiler for C supports function attribute format: YES 
Compiler for C supports function attribute malloc: YES 
Compiler for C supports function attribute noreturn: YES 
Compiler for C supports function attribute packed: YES 
Compiler for C supports function attribute pure: YES 
Compiler for C supports function attribute returns_nonnull: YES 
Compiler for C supports function attribute unused: YES 
Compiler for C supports function attribute warn_unused_result: YES 
Compiler for C supports function attribute weak: YES 
Compiler for C supports function attribute aligned: YES 
Checking for function "memfd_create" : NO 
Checking for function "strtok_r" : YES 
Checking for function "timespec_get" : YES 
Has header "epoxy/egl.h" with dependency epoxy: YES 
Has header "epoxy/glx.h" with dependency epoxy: NO 
Header "stdlib.h" has symbol "__STDC_NO_VLA__" : NO 
Configuring config.h using configuration
Program python3 (yaml) found: YES (/opt/homebrew/bin/python3) modules: yaml
Configuring virgl-version.h using configuration
Build targets in project: 10
NOTICE: Future-deprecated features used:
 * 1.1.0: {'"boolean option" keyword argument "value" of type str'}

virglrenderer 1.3.0

  Directories
    prefix              : /Users/gillesgoetsch/omacvm-app/runtime/.build/tmp/omarchy-qemu-source-build.EbYfXw/dependencies/virglrenderer/1.0.42
    libdir              : lib

  Configuration
    c_args              : -I/Users/gillesgoetsch/omacvm-app/runtime/.build/tmp/omarchy-qemu-source-build.EbYfXw/dependencies/angle/1.0.16/include -mmacosx-version-min=15.0 -Werror=unguarded-availability-new
    egl                 : true
    glx                 : false
    gbm                 : false
    venus               : true
    drm-amdgpu          : false
    drm-asahi           : false
    drm-i915            : false
    drm-panfrost        : false
    drm-msm             : false
    render server worker: process
    video               : false
    tests               : false
    fuzzer              : false
    tracing             : none
    unstable-apis       : false

  User defined options
    b_ndebug            : false
    buildtype           : debugoptimized
    drm-renderers       : []
    libdir              : lib
    prefix              : /Users/gillesgoetsch/omacvm-app/runtime/.build/tmp/omarchy-qemu-source-build.EbYfXw/dependencies/virglrenderer/1.0.42
    tests               : false
    tracing             : none
    venus               : true
    video               : false
    wrap_mode           : nodownload

Found ninja-1.13.0.git.kitware.jobserver-pipe-1 at /Users/gillesgoetsch/omacvm-app/runtime/.build/tmp/omarchy-qemu-source-build.EbYfXw/tools/ninja-1.13.0.data/scripts/ninja
ninja: Entering directory `/Users/gillesgoetsch/omacvm-app/runtime/.build/tmp/omarchy-qemu-source-build.EbYfXw/source/virglrenderer-1.3.0/build'
[1/101] Compiling C object src/mesa/libmesa.a.p/util_bitscan.c.o
[2/101] Generating src/venus_codegen with a custom command
[3/101] Compiling C object src/mesa/libmesa.a.p/util_os_file.c.o
[4/101] Compiling C object src/mesa/libmesa.a.p/util_os_misc.c.o
[5/101] Compiling C object src/mesa/libmesa.a.p/util_u_cpu_detect.c.o
[6/101] Compiling C object src/mesa/libmesa.a.p/util_hash_table.c.o
[7/101] Compiling C object src/mesa/libmesa.a.p/util_ralloc.c.o
[8/101] Compiling C object src/mesa/libmesa.a.p/util_u_debug.c.o
[9/101] Compiling C object src/mesa/libmesa.a.p/util_anon_file.c.o
[10/101] Compiling C object src/mesa/libmesa.a.p/util_u_math.c.o
[11/101] Linking static target src/mesa/libmesa.a
[12/101] Generating src/gallium/u_format_table.c with a custom command (wrapped by meson to capture output)
[13/101] Generating src/gallium/u_format_gen.h with a custom command (wrapped by meson to capture output)
[14/101] Compiling C object src/gallium/libgallium.a.p/auxiliary_util_u_texture.c.o
[15/101] Compiling C object src/gallium/libgallium.a.p/auxiliary_util_u_hash_table.c.o
[16/101] Compiling C object src/gallium/libgallium.a.p/auxiliary_util_u_debug_describe.c.o
[17/101] Compiling C object src/gallium/libgallium.a.p/auxiliary_cso_cache_cso_cache.c.o
[18/101] Compiling C object src/gallium/libgallium.a.p/auxiliary_util_u_format.c.o
[19/101] Compiling C object src/gallium/libgallium.a.p/meson-generated_.._u_format_table.c.o
[20/101] Compiling C object src/gallium/libgallium.a.p/auxiliary_tgsi_tgsi_info.c.o
[21/101] Compiling C object src/gallium/libgallium.a.p/auxiliary_cso_cache_cso_hash.c.o
[22/101] Compiling C object src/gallium/libgallium.a.p/auxiliary_tgsi_tgsi_parse.c.o
[23/101] Compiling C object src/gallium/libgallium.a.p/auxiliary_tgsi_tgsi_scan.c.o
[24/101] Compiling C object src/gallium/libgallium.a.p/auxiliary_tgsi_tgsi_build.c.o
[25/101] Compiling C object src/gallium/libgallium.a.p/auxiliary_tgsi_tgsi_dump.c.o
[26/101] Compiling C object src/gallium/libgallium.a.p/auxiliary_tgsi_tgsi_strings.c.o
[27/101] Compiling C object src/gallium/libgallium.a.p/auxiliary_tgsi_tgsi_iterate.c.o
[28/101] Compiling C object src/gallium/libgallium.a.p/auxiliary_tgsi_tgsi_util.c.o
[29/101] Compiling C object src/gallium/libgallium.a.p/auxiliary_tgsi_tgsi_sanity.c.o
[30/101] Compiling C object src/libvirgl.a.p/virgl_context.c.o
[31/101] Compiling C object src/libvirgl.a.p/meson-generated_.._gallium_u_format_table.c.o
[32/101] Compiling C object src/libvirgl.a.p/virgl_fence.c.o
[33/101] Compiling C object src/libvirgl.a.p/virgl_util.c.o
[34/101] Compiling C object src/libvirgl.a.p/vrend_iov.c.o
[35/101] Compiling C object src/libvirgl.a.p/virgl_resource.c.o
[36/101] Compiling C object src/libvirgl.a.p/vrend_vrend_debug.c.o
[37/101] Compiling C object src/libvirgl.a.p/vrend_vrend_object.c.o
[38/101] Compiling C object src/libvirgl.a.p/vrend_vrend_blitter.c.o
[39/101] Compiling C object src/libvirgl.a.p/vrend_vrend_formats.c.o
../src/vrend/vrend_formats.c:358:34: warning: unused variable 'gl_bgra_formats' [-Wunused-variable]
  358 | static struct vrend_format_table gl_bgra_formats[] = {
      |                                  ^~~~~~~~~~~~~~~
1 warning generated.
[40/101] Compiling C object src/libvirgl.a.p/vrend_vrend_tweaks.c.o
[41/101] Compiling C object src/libvirgl.a.p/vrend_vrend_decode.c.o
[42/101] Compiling C object src/libvirgl.a.p/vrend_vrend_winsys.c.o
[43/101] Compiling C object src/gallium/libgallium.a.p/auxiliary_tgsi_tgsi_text.c.o
[44/101] Compiling C object src/libvirgl.a.p/vrend_vrend_winsys_egl.c.o
[45/101] Compiling C object src/libvirgl.a.p/venus_vkr_allocator.c.o
[46/101] Compiling C object src/libvirgl.a.p/venus_vkr_acceleration_structure.c.o
[47/101] Compiling C object src/libvirgl.a.p/venus_vkr_buffer.c.o
[48/101] Compiling C object src/libvirgl.a.p/venus_vkr_common.c.o
[49/101] Compiling Objective-C object src/libvirgl.a.p/vrend_vrend_metal.m.o
../src/vrend/vrend_metal.m:82:13: warning: unused function 'virgl_format_to_metal_swizzle' [-Wunused-function]
   82 | static bool virgl_format_to_metal_swizzle(uint32_t format,
      |             ^~~~~~~~~~~~~~~~~~~~~~~~~~~~~
1 warning generated.
[50/101] Compiling C object src/libvirgl.a.p/venus_vkr_cs.c.o
[51/101] Compiling C object src/libvirgl.a.p/venus_vkr_descriptor_set.c.o
[52/101] Compiling C object src/libvirgl.a.p/venus_vkr_command_buffer.c.o
[53/101] Compiling C object src/libvirgl.a.p/venus_vkr_device_memory.c.o
[54/101] Compiling C object src/libvirgl.a.p/venus_vkr_device.c.o
[55/101] Compiling C object src/libvirgl.a.p/venus_vkr_host_copy.c.o
[56/101] Compiling C object src/libvirgl.a.p/vrend_vrend_shader.c.o
[57/101] Compiling C object src/libvirgl.a.p/venus_vkr_instance.c.o
[58/101] Compiling C object src/libvirgl.a.p/venus_vkr_library.c.o
../src/venus/vkr_library.c:115:43: warning: comparison of integers of different signs: 'int' and 'uint32_t' (aka 'unsigned int') [-Wsign-compare]
  115 |    for (int i = 0; ret == VK_SUCCESS && i < propertyCount; i++) {
      |                                         ~ ^ ~~~~~~~~~~~~~
1 warning generated.
[59/101] Compiling C object src/libvirgl.a.p/venus_vkr_image.c.o
../src/venus/vkr_image.c:32:45: warning: unused parameter 'dev' [-Wunused-parameter]
   32 | vkr_image_fix_drm_format(struct vkr_device *dev,
      |                                             ^
../src/venus/vkr_image.c:49:41: warning: comparison of integers of different signs: 'int' and 'const uint32_t' (aka 'const unsigned int') [-Wsign-compare]
   49 |    for (int i = 0; drm_format_list && i < drm_format_list->drmFormatModifierCount; i++) {
      |                                       ~ ^ ~~~~~~~~~~~~~~~~~~~~~~~~~~~~~~~~~~~~~~~
2 warnings generated.
[60/101] Compiling C object src/libvirgl.a.p/venus_vkr_query_pool.c.o
[61/101] Compiling C object src/libvirgl.a.p/venus_vkr_physical_device.c.o
[62/101] Compiling C object src/libvirgl.a.p/venus_vkr_pipeline.c.o
[63/101] Compiling C object src/libvirgl.a.p/venus_vkr_queue.c.o
[64/101] Compiling C object src/libvirgl.a.p/venus_vkr_render_pass.c.o
[65/101] Compiling C object src/libvirgl.a.p/venus_vkr_renderer.c.o
[66/101] Compiling C object src/libvirgl.a.p/proxy_proxy_client.c.o
[67/101] Compiling C object src/libvirgl.a.p/proxy_proxy_common.c.o
[68/101] Compiling C object src/libvirgl.a.p/proxy_proxy_renderer.c.o
[69/101] Compiling C object src/libvirgl.a.p/proxy_proxy_context.c.o
[70/101] Compiling C object src/libvirgl.a.p/proxy_proxy_server.c.o
[71/101] Compiling C object src/libvirgl.a.p/vrend_vrend_renderer.c.o
../src/vrend/vrend_renderer.c:2566:50: warning: unused parameter 'ctx' [-Wunused-parameter]
 2566 | static GLuint convert_wrap(struct vrend_context *ctx, int wrap)
      |                                                  ^
../src/vrend/vrend_renderer.c:12591:15: warning: unused variable 'is_angle' [-Wunused-variable]
 12591 |    const bool is_angle = ((gl_version_str && strstr(gl_version_str, "ANGLE")) ||
       |               ^~~~~~~~
../src/vrend/vrend_renderer.c:12966:4: warning: label followed by a declaration is a C23 extension [-Wc23-extensions]
 12966 |    char *llvmpipe_string = strstr(caps->v2.renderer, "llvmpipe");
       |    ^
3 warnings generated.
[72/101] Linking static target src/gallium/libgallium.a
[73/101] Compiling C object src/libvirgl.a.p/proxy_proxy_socket.c.o
[74/101] Compiling C object src/libvirglrenderer.1.dylib.p/meson-generated_.._gallium_u_format_table.c.o
[75/101] Compiling C object vtest/libvtest.a.p/meson-generated_.._.._src_gallium_u_format_table.c.o
[76/101] Compiling C object vtest/libvtest.a.p/threadpool.c.o
[77/101] Compiling C object vtest/libvtest.a.p/vtest_shm.c.o
[78/101] Compiling C object vtest/libvtest.a.p/util.c.o
[79/101] Compiling C object src/libvirglrenderer.1.dylib.p/virglrenderer.c.o
../src/virglrenderer.c:1560:51: warning: unused parameter 'padding' [-Wunused-parameter]
 1560 |                                          uint32_t padding,
      |                                                   ^
1 warning generated.
[80/101] Compiling C object vtest/virgl_test_server.p/meson-generated_.._.._src_gallium_u_format_table.c.o
[81/101] Compiling C object vtest/libvtest.a.p/vtest_server.c.o
[82/101] Compiling C object vtest/virgl_test_server.p/vtest_main.c.o
[83/101] Compiling C object server/virgl_render_server.p/main.c.o
[84/101] Compiling C object server/virgl_render_server.p/meson-generated_.._.._src_gallium_u_format_table.c.o
[85/101] Compiling C object vtest/libvtest.a.p/vtest_renderer.c.o
[86/101] Linking static target vtest/libvtest.a
[87/101] Compiling C object server/virgl_render_server.p/render_common.c.o
[88/101] Compiling C object server/virgl_render_server.p/render_client.c.o
[89/101] Compiling C object server/virgl_render_server.p/render_server.c.o
[90/101] Compiling C object server/virgl_render_server.p/render_context.c.o
[91/101] Compiling C object server/virgl_render_server.p/render_socket.c.o
[92/101] Compiling C object server/virgl_render_server.p/render_state.c.o
[93/101] Compiling C object server/virgl_render_server.p/render_worker.c.o
[94/101] Compiling C object src/libvirgl.a.p/venus_vkr_context.c.o
[95/101] Compiling C object src/libvirgl.a.p/venus_vkr_ring.c.o
[96/101] Compiling C object src/libvirgl.a.p/venus_vkr_transport.c.o
../src/venus/vkr_transport.c:183:29: warning: variable length array folded to constant array as an extension [-Wgnu-folding-constant]
  183 |    return dispatch->data == container_of(dispatch, struct vkr_context, dispatch);
      |                             ^~~~~~~~~~~~~~~~~~~~~~~~~~~~~~~~~~~~~~~~~~~~~~~~~~~~
../src/mesa/util/macros.h:110:10: note: expanded from macro 'container_of'
  110 |          STATIC_ASSERT(__same_type(*(ptr), ((type *)0)->member) ||      \
      |          ^~~~~~~~~~~~~~~~~~~~~~~~~~~~~~~~~~~~~~~~~~~~~~~~~~~~~~~~~~~~~~~~
  111 |                        __same_type(*(ptr), void) ||                     \
      |                        ~~~~~~~~~~~~~~~~~~~~~~~~~~~~~~~~~~~~~~~~~~~~~~~~~~
  112 |                        !"pointer type mismatch in container_of()");     \
      |                        ~~~~~~~~~~~~~~~~~~~~~~~~~~~~~~~~~~~~~~~~~~~
../src/mesa/util/macros.h:89:27: note: expanded from macro 'STATIC_ASSERT'
   89 |       (void) sizeof(char [1 - 2*!(COND)]); \
      |                           ^~~~~~~~~~~~~
../src/venus/vkr_transport.c:367:28: warning: variable length array folded to constant array as an extension [-Wgnu-folding-constant]
  367 |    struct vkr_ring *ring = container_of(dispatch, struct vkr_ring, dispatch);
      |                            ^~~~~~~~~~~~~~~~~~~~~~~~~~~~~~~~~~~~~~~~~~~~~~~~~
../src/mesa/util/macros.h:110:10: note: expanded from macro 'container_of'
  110 |          STATIC_ASSERT(__same_type(*(ptr), ((type *)0)->member) ||      \
      |          ^~~~~~~~~~~~~~~~~~~~~~~~~~~~~~~~~~~~~~~~~~~~~~~~~~~~~~~~~~~~~~~~
  111 |                        __same_type(*(ptr), void) ||                     \
      |                        ~~~~~~~~~~~~~~~~~~~~~~~~~~~~~~~~~~~~~~~~~~~~~~~~~~
  112 |                        !"pointer type mismatch in container_of()");     \
      |                        ~~~~~~~~~~~~~~~~~~~~~~~~~~~~~~~~~~~~~~~~~~~
../src/mesa/util/macros.h:89:27: note: expanded from macro 'STATIC_ASSERT'
   89 |       (void) sizeof(char [1 - 2*!(COND)]); \
      |                           ^~~~~~~~~~~~~
2 warnings generated.
[97/101] Linking static target src/libvirgl.a
[98/101] Linking target src/libvirglrenderer.1.dylib
[99/101] Generating symbol file src/libvirglrenderer.1.dylib.p/libvirglrenderer.1.dylib.symbols
[100/101] Linking target vtest/virgl_test_server
[101/101] Linking target server/virgl_render_server
PASS: dual
PASS: ordinary_same_shader
PASS: broadcast_depth
PASS: mrt
In file included from /Users/gillesgoetsch/omacvm-app/runtime/.build/tmp/omarchy-qemu-source-build.EbYfXw/source/homebrew-virglrenderer-1.0.42/tests/test-null-blend.c:3:
[1m../src/vrend/vrend_renderer.c:2566:50: [0m[0;1;35mwarning: [0m[1munused parameter 'ctx' [-Wunused-parameter][0m
 2566 | [0;34mstatic[0m GLuint convert_wrap([0;34mstruct[0m vrend_context *ctx, [0;34mint[0m wrap)[0m
      | [0;1;32m                                                 ^
[0m[1m../src/vrend/vrend_renderer.c:12591:15: [0m[0;1;35mwarning: [0m[1munused variable 'is_angle' [-Wunused-variable][0m
 12591 |    [0;34mconst[0m bool is_angle = ((gl_version_str && strstr(gl_version_str, [0;32m"ANGLE"[0m)) ||[0m
       | [0;1;32m              ^~~~~~~~
[0m[1m../src/vrend/vrend_renderer.c:12966:4: [0m[0;1;35mwarning: [0m[1mlabel followed by a declaration is a C23 extension [-Wc23-extensions][0m
 12966 |    [0;34mchar[0m *llvmpipe_string = strstr(caps->v2.renderer, [0;32m"llvmpipe"[0m);[0m
       | [0;1;32m   ^
[0m3 warnings generated.
PASS: blend enable and GLES state select the correct shader variant
PASS: null blend binding invalidates the shader and resets blending
PASS: desktop GL uses mutable MSAA with ordinary immutable storage
PASS: desktop GL uses mutable MSAA without immutable storage
PASS: desktop GL uses available immutable MSAA
PASS: GLES does not call unavailable mutable MSAA
PASS: GLES uses available immutable MSAA
PASS: failed mutable allocation is not advertised
PASS: failed immutable allocation is not advertised
In file included from /Users/gillesgoetsch/omacvm-app/runtime/Tests/virgl/test-native-shader-inputs.c:2:
[1m../src/vrend/vrend_renderer.c:2566:50: [0m[0;1;35mwarning: [0m[1munused parameter 'ctx' [-Wunused-parameter][0m
 2566 | [0;34mstatic[0m GLuint convert_wrap([0;34mstruct[0m vrend_context *ctx, [0;34mint[0m wrap)[0m
      | [0;1;32m                                                 ^
[0m[1m../src/vrend/vrend_renderer.c:12591:15: [0m[0;1;35mwarning: [0m[1munused variable 'is_angle' [-Wunused-variable][0m
 12591 |    [0;34mconst[0m bool is_angle = ((gl_version_str && strstr(gl_version_str, [0;32m"ANGLE"[0m)) ||[0m
       | [0;1;32m              ^~~~~~~~
[0m[1m../src/vrend/vrend_renderer.c:12966:4: [0m[0;1;35mwarning: [0m[1mlabel followed by a declaration is a C23 extension [-Wc23-extensions][0m
 12966 |    [0;34mchar[0m *llvmpipe_string = strstr(caps->v2.renderer, [0;32m"llvmpipe"[0m);[0m
       | [0;1;32m   ^
[0m3 warnings generated.
PASS: native Apple and ANGLE select integer attributes automatically
PASS: native alpha samplers avoid duplicate shader swizzles; buffers retain lowering
Installing src/libvirglrenderer.1.dylib to /Users/gillesgoetsch/omacvm-app/runtime/.build/tmp/omarchy-qemu-source-build.EbYfXw/dependencies/virglrenderer/1.0.42/lib
Installing vtest/virgl_test_server to /Users/gillesgoetsch/omacvm-app/runtime/.build/tmp/omarchy-qemu-source-build.EbYfXw/dependencies/virglrenderer/1.0.42/bin
Installing server/virgl_render_server to /Users/gillesgoetsch/omacvm-app/runtime/.build/tmp/omarchy-qemu-source-build.EbYfXw/dependencies/virglrenderer/1.0.42/libexec
Installing /Users/gillesgoetsch/omacvm-app/runtime/.build/tmp/omarchy-qemu-source-build.EbYfXw/source/virglrenderer-1.3.0/src/virglrenderer.h to /Users/gillesgoetsch/omacvm-app/runtime/.build/tmp/omarchy-qemu-source-build.EbYfXw/dependencies/virglrenderer/1.0.42/include/virgl
Installing /Users/gillesgoetsch/omacvm-app/runtime/.build/tmp/omarchy-qemu-source-build.EbYfXw/source/virglrenderer-1.3.0/build/meson-private/virglrenderer.pc to /Users/gillesgoetsch/omacvm-app/runtime/.build/tmp/omarchy-qemu-source-build.EbYfXw/dependencies/virglrenderer/1.0.42/lib/pkgconfig
Installing /Users/gillesgoetsch/omacvm-app/runtime/.build/tmp/omarchy-qemu-source-build.EbYfXw/source/virglrenderer-1.3.0/build/src/virgl-version.h to /Users/gillesgoetsch/omacvm-app/runtime/.build/tmp/omarchy-qemu-source-build.EbYfXw/dependencies/virglrenderer/1.0.42/include/virgl
Installing symlink pointing to libvirglrenderer.1.dylib to /Users/gillesgoetsch/omacvm-app/runtime/.build/tmp/omarchy-qemu-source-build.EbYfXw/dependencies/virglrenderer/1.0.42/lib/libvirglrenderer.dylib
[qemu-source-build] Building patched libslirp 4.9.4 for macOS 15.0
The Meson build system
Version: 1.9.0
Source dir: /Users/gillesgoetsch/omacvm-app/runtime/.build/tmp/omarchy-qemu-source-build.EbYfXw/source/libslirp-v4.9.4
Build dir: /Users/gillesgoetsch/omacvm-app/runtime/.build/tmp/omarchy-qemu-source-build.EbYfXw/source/libslirp-v4.9.4/build
Build type: native build
Project name: libslirp
Project version: 4.9.4
C compiler for the host machine: cc (clang 17.0.0 "Apple clang version 17.0.0 (clang-1700.6.4.2)")
C linker for the host machine: cc ld64 1230.1
Host machine cpu family: aarch64
Host machine cpu: aarch64
C++ compiler for the host machine: c++ (clang 17.0.0 "Apple clang version 17.0.0 (clang-1700.6.4.2)")
C++ linker for the host machine: c++ ld64 1230.1
Found pkg-config: YES (/opt/homebrew/bin/pkg-config) 3.0.6
Run-time dependency glib-2.0 found: YES 2.88.3
Compiler for C supports arguments -Wmissing-prototypes: YES 
Compiler for C supports arguments -Wstrict-prototypes: YES 
Compiler for C supports arguments -Wredundant-decls: YES 
Compiler for C supports arguments -Wundef: YES 
Compiler for C supports arguments -Wwrite-strings: YES 
Library resolv found: YES
Check usable header "valgrind/valgrind.h" : NO 
Compiler for C supports link arguments -Wl,--version-script,/Users/gillesgoetsch/omacvm-app/runtime/.build/tmp/omarchy-qemu-source-build.EbYfXw/source/libslirp-v4.9.4/src/libslirp.test.map: NO 
Configuring libslirp-version.h using configuration
Build targets in project: 7

libslirp 4.9.4

  User defined options
    buildtype: release
    libdir   : lib
    prefix   : /Users/gillesgoetsch/omacvm-app/runtime/.build/tmp/omarchy-qemu-source-build.EbYfXw/dependencies/libslirp/4.9.4
    wrap_mode: nodownload

Found ninja-1.13.0.git.kitware.jobserver-pipe-1 at /Users/gillesgoetsch/omacvm-app/runtime/.build/tmp/omarchy-qemu-source-build.EbYfXw/tools/ninja-1.13.0.data/scripts/ninja
ninja: Entering directory `/Users/gillesgoetsch/omacvm-app/runtime/.build/tmp/omarchy-qemu-source-build.EbYfXw/source/libslirp-v4.9.4/build'
[1/45] Compiling C object libslirp.0.dylib.p/src_arp_table.c.o
[2/45] Compiling C object libslirp.0.dylib.p/src_if.c.o
[3/45] Compiling C object libslirp.0.dylib.p/src_cksum.c.o
[4/45] Compiling C object libslirp.0.dylib.p/src_dhcpv6.c.o
[5/45] Compiling C object libslirp.0.dylib.p/src_dnssearch.c.o
[6/45] Compiling C object libslirp.0.dylib.p/src_bootp.c.o
[7/45] Compiling C object libslirp.0.dylib.p/src_ip6_output.c.o
[8/45] Compiling C object libslirp.0.dylib.p/src_ip6_input.c.o
[9/45] Compiling C object libslirp.0.dylib.p/src_ip_input.c.o
[10/45] Compiling C object libslirp.0.dylib.p/src_ip_output.c.o
[11/45] Compiling C object libslirp.0.dylib.p/src_ip_icmp.c.o
[12/45] Compiling C object libslirp.0.dylib.p/src_ip6_icmp.c.o
[13/45] Compiling C object libslirp.0.dylib.p/src_mbuf.c.o
[14/45] Compiling C object libslirp.0.dylib.p/src_misc.c.o
[15/45] Compiling C object libslirp.0.dylib.p/src_ndp_table.c.o
[16/45] Compiling C object libslirp.0.dylib.p/src_ncsi.c.o
[17/45] Compiling C object libslirp.0.dylib.p/src_sbuf.c.o
[18/45] Compiling C object libslirp.0.dylib.p/src_stream.c.o
[19/45] Compiling C object libslirp.0.dylib.p/src_state.c.o
[20/45] Compiling C object libslirp.0.dylib.p/src_slirp.c.o
[21/45] Compiling C object libslirp.0.dylib.p/src_tcp_output.c.o
[22/45] Compiling C object libslirp.0.dylib.p/src_socket.c.o
[23/45] Compiling C object libslirp.0.dylib.p/src_tcp_input.c.o
[24/45] Compiling C object libslirp.0.dylib.p/src_tcp_timer.c.o
[25/45] Compiling C object libslirp.0.dylib.p/src_tftp.c.o
[26/45] Compiling C object libslirp.0.dylib.p/src_version.c.o
[27/45] Compiling C object libslirp.0.dylib.p/src_tcp_subr.c.o
[28/45] Compiling C object libslirp.0.dylib.p/src_udp.c.o
[29/45] Compiling C object libslirp.0.dylib.p/src_util.c.o
[30/45] Compiling C object libslirp.0.dylib.p/src_udp6.c.o
[31/45] Compiling C object guestfwdtest.p/test_guestfwdtest.c.o
[32/45] Compiling C object pingtest.p/test_pingtest.c.o
[33/45] Compiling C object ncsitest.p/test_ncsitest.c.o
[34/45] Compiling C object libslirp.0.dylib.p/src_vmstate.c.o
[35/45] Compiling C object udptranslationtest.p/test_udp-translation-test.c.o
[36/45] Compiling C object icmpdarwintest.p/test_icmp-darwin-test.c.o
[37/45] Linking target libslirp.0.dylib
[38/45] Compiling C object icmpmatchtest.p/test_icmp-match-test.c.o
[39/45] Linking target icmpmatchtest
[40/45] Generating symbol file libslirp.0.dylib.p/libslirp.0.dylib.symbols
[41/45] Linking target ncsitest
[42/45] Linking target guestfwdtest
[43/45] Linking target icmpdarwintest
[44/45] Linking target udptranslationtest
[45/45] Linking target pingtest
1/6 icmp-match      OK              0.50s
2/6 ncsi            OK              1.23s
3/6 guestfwd        OK              1.23s
4/6 icmp-darwin     OK              1.23s
5/6 udp-translation OK              1.27s
6/6 ping            OK              1.33s

Ok:                6   
Fail:              0   

Full log written to /Users/gillesgoetsch/omacvm-app/runtime/.build/tmp/omarchy-qemu-source-build.EbYfXw/source/libslirp-v4.9.4/build/meson-logs/testlog.txt
Installing libslirp.0.dylib to /Users/gillesgoetsch/omacvm-app/runtime/.build/tmp/omarchy-qemu-source-build.EbYfXw/dependencies/libslirp/4.9.4/lib
Installing /Users/gillesgoetsch/omacvm-app/runtime/.build/tmp/omarchy-qemu-source-build.EbYfXw/source/libslirp-v4.9.4/src/libslirp.h to /Users/gillesgoetsch/omacvm-app/runtime/.build/tmp/omarchy-qemu-source-build.EbYfXw/dependencies/libslirp/4.9.4/include/slirp
Installing /Users/gillesgoetsch/omacvm-app/runtime/.build/tmp/omarchy-qemu-source-build.EbYfXw/source/libslirp-v4.9.4/build/libslirp-version.h to /Users/gillesgoetsch/omacvm-app/runtime/.build/tmp/omarchy-qemu-source-build.EbYfXw/dependencies/libslirp/4.9.4/include/slirp
Installing /Users/gillesgoetsch/omacvm-app/runtime/.build/tmp/omarchy-qemu-source-build.EbYfXw/source/libslirp-v4.9.4/build/meson-private/slirp.pc to /Users/gillesgoetsch/omacvm-app/runtime/.build/tmp/omarchy-qemu-source-build.EbYfXw/dependencies/libslirp/4.9.4/lib/pkgconfig
Installing symlink pointing to libslirp.0.dylib to /Users/gillesgoetsch/omacvm-app/runtime/.build/tmp/omarchy-qemu-source-build.EbYfXw/dependencies/libslirp/4.9.4/lib/libslirp.dylib
[qemu-source-build] Configuring QEMU 11.1.1 (HVF-only, Cocoa/VirGL, SLIRP, SDL audio, virtio-9p, libusb) for macOS 15.0 and newer
python determined to be '/opt/homebrew/bin/python3'
python version: Python 3.14.7
mkvenv: Creating non-isolated virtual environment at 'pyvenv'
mkvenv: checking for meson>=1.5.0
mkvenv: checking for pycotap>=1.1.0
mkvenv: installing meson==1.11.1, pycotap==1.3.1
mkvenv: checking for qemu.qmp>=0.0.5
mkvenv: checking for setuptools>=44.1.1
mkvenv: checking for wheel>=0.34.2
mkvenv: checking for pip>=20.3.4
mkvenv: installing qemu.qmp==0.0.6, setuptools>=44.1.1, pip>=20.3.4
mkvenv: installing /Users/gillesgoetsch/omacvm-app/runtime/.build/tmp/omarchy-qemu-source-build.EbYfXw/source/qemu-c3d48b7d1e89604920e5b81b91140c2ad39a1943/python
mkvenv: checking for sphinx>=3.4.3
mkvenv: checking for sphinx_rtd_theme>=0.5

'sphinx==6.2.1' not found:
 • Python package 'sphinx' was not found nor installed.
 • mkvenv was configured to operate offline and did not check PyPI.


Sphinx not found/usable, disabling docs.
Disabling PIE due to missing toolchain support
The Meson build system
Version: 1.11.1
Source dir: /Users/gillesgoetsch/omacvm-app/runtime/.build/tmp/omarchy-qemu-source-build.EbYfXw/source/qemu-c3d48b7d1e89604920e5b81b91140c2ad39a1943
Build dir: /Users/gillesgoetsch/omacvm-app/runtime/.build/tmp/omarchy-qemu-source-build.EbYfXw/source/qemu-c3d48b7d1e89604920e5b81b91140c2ad39a1943/build
Build type: native build
Project name: qemu
Project version: 11.1.1
C compiler for the host machine: cc (clang 17.0.0 "Apple clang version 17.0.0 (clang-1700.6.4.2)")
C linker for the host machine: cc ld64 1230.1
Host machine cpu family: aarch64
Host machine cpu: aarch64
Program scripts/symlink-install-tree.py found: YES (/Users/gillesgoetsch/omacvm-app/runtime/.build/tmp/omarchy-qemu-source-build.EbYfXw/source/qemu-c3d48b7d1e89604920e5b81b91140c2ad39a1943/build/pyvenv/bin/python3.14 /Users/gillesgoetsch/omacvm-app/runtime/.build/tmp/omarchy-qemu-source-build.EbYfXw/source/qemu-c3d48b7d1e89604920e5b81b91140c2ad39a1943/scripts/symlink-install-tree.py)
Program sh found: YES (/bin/sh)
Program python3 found: YES (/Users/gillesgoetsch/omacvm-app/runtime/.build/tmp/omarchy-qemu-source-build.EbYfXw/source/qemu-c3d48b7d1e89604920e5b81b91140c2ad39a1943/build/pyvenv/bin/python3.14)
Objective-C compiler for the host machine: clang (clang 17.0.0)
Objective-C linker for the host machine: clang ld64 1230.1
Compiler for language rust skipped: feature rust disabled
Program iasl found: NO
Program bzip2 found: YES (/usr/bin/bzip2)
Checking for size of "void *" : 8 
Compiler for C supports arguments -fno-link-libatomic: NO 
Compiler for C supports arguments -fno-pie: YES 
Compiler for C supports arguments -no-pie: NO 
Compiler for C supports link arguments -Wl,-z,relro: NO 
Compiler for C supports link arguments -Wl,-z,now: NO 
Checking if "-fzero-call-used-regs=used-gpr" compiles: YES 
Compiler for C supports arguments -D_GNU_SOURCE: YES 
Compiler for C supports arguments -D_FILE_OFFSET_BITS=64: YES 
Compiler for C supports arguments -D_LARGEFILE_SOURCE: YES 
Compiler for C supports arguments -fno-strict-aliasing: YES 
Compiler for C supports arguments -fno-common: YES 
Compiler for C supports arguments -fwrapv: YES 
Compiler for C supports arguments -fno-pie: YES (cached)
Compiler for C supports arguments -ftrivial-auto-var-init=zero: YES 
Compiler for C supports arguments -fzero-init-padding-bits=all: NO 
Compiler for C supports arguments -fzero-call-used-regs=used-gpr: YES 
Compiler for C supports arguments -Wempty-body: YES 
Compiler for C supports arguments -Wendif-labels: YES 
Compiler for C supports arguments -Wexpansion-to-defined: YES 
Compiler for C supports arguments -Wformat-overflow=2: NO 
Compiler for C supports arguments -Wformat-security: YES 
Compiler for C supports arguments -Wformat-y2k: YES 
Compiler for C supports arguments -Wignored-qualifiers: YES 
Compiler for C supports arguments -Wimplicit-fallthrough=2: NO 
Compiler for C supports arguments -Winit-self: YES 
Compiler for C supports arguments -Wmissing-format-attribute: YES 
Compiler for C supports arguments -Wmissing-prototypes: YES 
Compiler for C supports arguments -Wnested-externs: YES 
Compiler for C supports arguments -Wold-style-declaration: NO 
Compiler for C supports arguments -Wold-style-definition: YES 
Compiler for C supports arguments -Wredundant-decls: YES 
Compiler for C supports arguments -Wshadow=local: NO 
Compiler for C supports arguments -Wstrict-prototypes: YES 
Compiler for C supports arguments -Wtype-limits: YES 
Compiler for C supports arguments -Wundef: YES 
Compiler for C supports arguments -Wvla: YES 
Compiler for C supports arguments -Wwrite-strings: YES 
Compiler for C supports arguments -Wno-gnu-variable-sized-type-not-at-end: YES 
Compiler for C supports arguments -Wno-initializer-overrides: YES 
Compiler for C supports arguments -Wno-missing-include-dirs: YES 
Compiler for C supports arguments -Wno-psabi: YES 
Compiler for C supports arguments -Wno-shift-negative-value: YES 
Compiler for C supports arguments -Wno-string-plus-int: YES 
Compiler for C supports arguments -Wno-tautological-type-limit-compare: YES 
Compiler for C supports arguments -Wno-typedef-redefinition: YES 
Compiler for Objective-C supports arguments -D_GNU_SOURCE: YES 
Compiler for Objective-C supports arguments -D_FILE_OFFSET_BITS=64: YES 
Compiler for Objective-C supports arguments -D_LARGEFILE_SOURCE: YES 
Compiler for Objective-C supports arguments -fno-strict-aliasing: YES 
Compiler for Objective-C supports arguments -fno-common: YES 
Compiler for Objective-C supports arguments -fwrapv: YES 
Compiler for Objective-C supports arguments -fno-pie: YES 
Compiler for Objective-C supports arguments -ftrivial-auto-var-init=zero: YES 
Compiler for Objective-C supports arguments -fzero-init-padding-bits=all: NO 
Compiler for Objective-C supports arguments -fzero-call-used-regs=used-gpr: YES 
Compiler for Objective-C supports arguments -Wempty-body: YES 
Compiler for Objective-C supports arguments -Wendif-labels: YES 
Compiler for Objective-C supports arguments -Wexpansion-to-defined: YES 
Compiler for Objective-C supports arguments -Wformat-overflow=2: NO 
Compiler for Objective-C supports arguments -Wformat-security: YES 
Compiler for Objective-C supports arguments -Wformat-y2k: YES 
Compiler for Objective-C supports arguments -Wignored-qualifiers: YES 
Compiler for Objective-C supports arguments -Wimplicit-fallthrough=2: NO 
Compiler for Objective-C supports arguments -Winit-self: YES 
Compiler for Objective-C supports arguments -Wmissing-format-attribute: YES 
Compiler for Objective-C supports arguments -Wmissing-prototypes: YES 
Compiler for Objective-C supports arguments -Wnested-externs: YES 
Compiler for Objective-C supports arguments -Wold-style-declaration: NO 
Compiler for Objective-C supports arguments -Wold-style-definition: YES 
Compiler for Objective-C supports arguments -Wredundant-decls: YES 
Compiler for Objective-C supports arguments -Wshadow=local: NO 
Compiler for Objective-C supports arguments -Wstrict-prototypes: YES 
Compiler for Objective-C supports arguments -Wtype-limits: YES 
Compiler for Objective-C supports arguments -Wundef: YES 
Compiler for Objective-C supports arguments -Wvla: YES 
Compiler for Objective-C supports arguments -Wwrite-strings: YES 
Compiler for Objective-C supports arguments -Wno-gnu-variable-sized-type-not-at-end: YES 
Compiler for Objective-C supports arguments -Wno-initializer-overrides: YES 
Compiler for Objective-C supports arguments -Wno-missing-include-dirs: YES 
Compiler for Objective-C supports arguments -Wno-psabi: YES 
Compiler for Objective-C supports arguments -Wno-shift-negative-value: YES 
Compiler for Objective-C supports arguments -Wno-string-plus-int: YES 
Compiler for Objective-C supports arguments -Wno-tautological-type-limit-compare: YES 
Compiler for Objective-C supports arguments -Wno-typedef-redefinition: YES 
Program cgcc skipped: feature sparse disabled
Library m found: YES
Run-time dependency threads found: YES
Library util found: YES
Run-time dependency appleframeworks found: YES (CoreFoundation)
Run-time dependency appleframeworks found: YES (IOKit)
Dependency appleframeworks(modules: ParavirtualizedGraphics, Metal) for host machine skipped: feature pvg disabled
Run-time dependency appleframeworks found: YES (Hypervisor)
Found pkg-config: YES (/opt/homebrew/bin/pkg-config) 3.0.6
Run-time dependency glib-2.0 found: YES 2.88.3
Dependency gio-2.0 for host machine skipped: feature gio disabled
Program scripts/xml-preprocess.py found: YES (/Users/gillesgoetsch/omacvm-app/runtime/.build/tmp/omarchy-qemu-source-build.EbYfXw/source/qemu-c3d48b7d1e89604920e5b81b91140c2ad39a1943/build/pyvenv/bin/python3.14 /Users/gillesgoetsch/omacvm-app/runtime/.build/tmp/omarchy-qemu-source-build.EbYfXw/source/qemu-c3d48b7d1e89604920e5b81b91140c2ad39a1943/scripts/xml-preprocess.py)
Run-time dependency pixman-1 found: YES 0.46.4
Did not find CMake 'cmake'
Found CMake: NO
Run-time dependency zlib found: YES 1.2.12
Library aio skipped: feature linux_aio disabled
Dependency liburing for host machine skipped: feature linux_io_uring disabled
Dependency libnfs for host machine skipped: feature libnfs disabled
Run-time dependency appleframeworks found: YES (Cocoa, Carbon, CoreVideo, OpenGL, QuartzCore)
Dependency appleframeworks(modules: vmnet) for host machine skipped: feature vmnet disabled
Dependency libseccomp for host machine skipped: feature seccomp disabled
Library cap-ng skipped: feature cap_ng disabled
Dependency xkbcommon for host machine skipped: feature xkbcommon disabled
Run-time dependency slirp found: YES 4.9.4
Library vdeplug skipped: feature vde disabled
Dependency libpulse for host machine skipped: feature pa disabled
Dependency alsa for host machine skipped: feature alsa disabled
Dependency jack for host machine skipped: feature jack disabled
Dependency libpipewire-0.3 for host machine skipped: feature pipewire disabled
Dependency sndio for host machine skipped: feature sndio disabled
Dependency spice-protocol for host machine skipped: feature spice_protocol disabled
Checking for function "shm_open" : YES 
Dependency libiscsi for host machine skipped: feature libiscsi disabled
Dependency libzstd for host machine skipped: feature zstd disabled
Dependency qpl for host machine skipped: feature qpl disabled
Dependency libwd for host machine skipped: feature uadk disabled
Dependency libwd_comp for host machine skipped: feature uadk disabled
Dependency qatzip for host machine skipped: feature qatzip disabled
Run-time dependency virglrenderer found: YES 1.3.0
Dependency rutabaga_gfx_ffi for host machine skipped: feature rutabaga_gfx disabled
Dependency blkio for host machine skipped: feature blkio disabled
Dependency libcurl for host machine skipped: feature curl disabled
Dependency igvm for host machine skipped: feature igvm disabled
Library brlapi skipped: feature brlapi disabled
Run-time dependency sdl2 found: YES 2.32.70
Dependency SDL2_image for host machine skipped: feature sdl_image disabled
Library rados skipped: feature rbd disabled
Library rbd skipped: feature rbd disabled
Dependency libssh for host machine skipped: feature libssh disabled
Library bz2 skipped: feature bzip2 disabled
Library lzfse skipped: feature lzfse disabled
Has header "dsound.h" : NO 
Dependency appleframeworks(modules: CoreAudio) for host machine skipped: feature coreaudio disabled
Run-time dependency epoxy found: YES 1.5.11
Has header "epoxy/egl.h" with dependency epoxy: YES 
Run-time dependency gbm found: NO  (tried pkg-config)
Dependency libcbor for host machine skipped: feature libcbor disabled
Dependency libgcrypt for host machine skipped: feature gcrypt disabled
Dependency nettle for host machine skipped: feature nettle disabled
Dependency capstone for host machine skipped: feature capstone disabled
Run-time dependency gmp found: NO  (tried pkg-config)
Run-time dependency x11 found: NO  (tried pkg-config)
Library pam skipped: feature auth_pam disabled
Library snappy skipped: feature snappy disabled
Library lzo2 skipped: feature lzo disabled
Library numa skipped: feature numa disabled

Executing subproject dtc 

dtc| Project name: dtc
dtc| Project version: 1.6.0
dtc| C compiler for the host machine: cc (clang 17.0.0 "Apple clang version 17.0.0 (clang-1700.6.4.2)")
dtc| C linker for the host machine: cc ld64 1230.1
dtc| Compiler for C supports arguments -Wpointer-arith: YES
dtc| Compiler for C supports arguments -Wcast-qual: YES
dtc| Compiler for C supports arguments -Wnested-externs: YES (cached)
dtc| Compiler for C supports arguments -Wstrict-prototypes: YES (cached)
dtc| Compiler for C supports arguments -Wmissing-prototypes: YES (cached)
dtc| Compiler for C supports arguments -Wredundant-decls: YES (cached)
dtc| Compiler for C supports arguments -Wshadow: YES
dtc| Dependency yaml-0.1 for host machine skipped: feature yaml disabled
dtc| Dependency valgrind for host machine skipped: feature valgrind disabled
dtc| Program python found: NO (disabled by: python )
dtc| Program swig skipped: feature python disabled
dtc| Found git repository at /Users/gillesgoetsch/omacvm-app
dtc| Compiler for C supports link arguments -Wl,--version-script=/Users/gillesgoetsch/omacvm-app/runtime/.build/tmp/omarchy-qemu-source-build.EbYfXw/source/qemu-c3d48b7d1e89604920e5b81b91140c2ad39a1943/subprojects/dtc/libfdt/version.lds: NO
dtc| Found pkg-config: YES (/opt/homebrew/bin/pkg-config) 3.0.6
dtc| Build targets in project: 2
dtc| Subproject dtc finished.

Library rdmacm skipped: feature rdma disabled
Library ibverbs skipped: feature rdma disabled
Dependency libcacard for host machine skipped: feature smartcard disabled
Dependency u2f-emu for host machine skipped: feature u2f disabled
Dependency canokey-qemu for host machine skipped: feature canokey disabled
Dependency libusbredirparser-0.5 for host machine skipped: feature usb_redir disabled
Run-time dependency libusb-1.0 found: YES 1.0.30
Dependency libpmem for host machine skipped: feature libpmem disabled
Dependency libdaxctl for host machine skipped: feature libdaxctl disabled
Dependency libkeyutils for host machine skipped: feature libkeyutils disabled
Checking for function "gettid" : NO 
Dependency libselinux for host machine skipped: feature selinux disabled
Dependency fuse3 for host machine skipped: feature fuse disabled
Dependency libbpf for host machine skipped: feature bpf disabled
Dependency libdw for host machine skipped: feature libdw disabled
Has header "IOKit/storage/IOMedia.h" : YES 
Checking for function "pthread_fchdir_np" : YES 
Checking for function "virgl_renderer_borrow_texture_for_scanout" with dependency virglrenderer: YES 
Has header "linux/magic.h" : NO 
Has header "linux/btrfs.h" : NO 
Has header "libdrm/drm.h" : NO 
Has header "linux/openat2.h" : NO 
Has header "pty.h" : NO 
Has header "sys/disk.h" : YES 
Has header "sys/ioccom.h" : YES 
Has header "sys/kcov.h" : NO 
Checking for function "close_range" : NO 
Checking for function "accept4" : NO 
Checking for function "clock_adjtime" : NO 
Checking for function "dup3" : NO 
Checking for function "fallocate" : NO 
Checking for function "posix_fallocate" : NO 
Checking for function "sched_getcpu" : NO 
Checking for function "posix_memalign" : YES 
Checking for function "_aligned_malloc" : NO 
Checking for function "valloc" : YES 
Checking for function "memalign" : NO 
Checking for function "ppoll" : NO 
Checking for function "preadv" : YES 
Checking for function "pthread_fchdir_np" : YES (cached)
Checking for function "sendfile" : YES 
Checking for function "setns" : NO 
Checking for function "syncfs" : NO 
Checking for function "sync_file_range" : NO 
Checking for function "timerfd_create" : NO 
Checking for function "getloadavg" : YES 
Checking for function "htonll" : NO 
Checking for function "copy_file_range" : NO 
Checking for function "getifaddrs" : YES 
Checking for function "openpty" with dependency -lutil: YES 
Checking for function "strchrnul" : NO 
Checking for function "system" : YES 
Header "sys/inotify.h" has symbol "inotify_init1" : NO 
Header "linux/blkzoned.h" has symbol "BLKOPENZONE" : NO 
Header "linux/falloc.h" has symbol "FALLOC_FL_PUNCH_HOLE" : NO 
Header "linux/falloc.h" has symbol "FALLOC_FL_ZERO_RANGE" : NO 
Has header "linux/fiemap.h" : NO 
Header "sched.h" has symbol "getcpu" : NO 
Checking for function "getrandom" : NO 
Header "sys/prctl.h" has symbol "PR_SET_TIMERSLACK" : NO 
Header "linux/rtnetlink.h" has symbol "IFLA_PROTO_DOWN" : NO 
Header "sys/sysmacros.h" has symbol "makedev" : NO 
Header "getopt.h" has symbol "optreset" : YES 
Header "netinet/in.h" has symbol "IPPROTO_MPTCP" : NO 
Header "netinet/tcp.h" has symbol "TCP_KEEPCNT" : YES 
Header "netinet/tcp.h" has symbol "TCP_KEEPIDLE" : NO 
Header "netinet/tcp.h" has symbol "TCP_KEEPALIVE" : YES 
Header "netinet/tcp.h" has symbol "TCP_KEEPINTVL" : YES 
Checking whether type "struct sigevent" has member "sigev_notify_thread_id" : NO 
Checking whether type "struct stat" has member "st_atim" : NO 
Checking whether type "struct blk_zone" has member "capacity" : NO 
Checking for type "struct iovec" : YES 
Checking for type "struct utmpx" : YES 
Header "asm/hwprobe.h" has symbol "RISCV_HWPROBE_EXT_ZBA" : NO 
Header "linux/vm_sockets.h" has symbol "AF_VSOCK" : NO 
Program scripts/minikconf.py found: YES (/Users/gillesgoetsch/omacvm-app/runtime/.build/tmp/omarchy-qemu-source-build.EbYfXw/source/qemu-c3d48b7d1e89604920e5b81b91140c2ad39a1943/build/pyvenv/bin/python3.14 /Users/gillesgoetsch/omacvm-app/runtime/.build/tmp/omarchy-qemu-source-build.EbYfXw/source/qemu-c3d48b7d1e89604920e5b81b91140c2ad39a1943/scripts/minikconf.py)
Configuring aarch64-softmmu-config-target.h using configuration
Configuring aarch64-softmmu-config-devices.mak with command
Reading depfile: /Users/gillesgoetsch/omacvm-app/runtime/.build/tmp/omarchy-qemu-source-build.EbYfXw/source/qemu-c3d48b7d1e89604920e5b81b91140c2ad39a1943/build/meson-private/aarch64-softmmu-config-devices.mak.d
Configuring aarch64-softmmu-config-devices.h using configuration
Program scripts/make-config-poison.sh found: YES (/Users/gillesgoetsch/omacvm-app/runtime/.build/tmp/omarchy-qemu-source-build.EbYfXw/source/qemu-c3d48b7d1e89604920e5b81b91140c2ad39a1943/scripts/make-config-poison.sh)
Configuring config-host.h using configuration
Configuring run using configuration
Program scripts/hxtool found: YES (/Users/gillesgoetsch/omacvm-app/runtime/.build/tmp/omarchy-qemu-source-build.EbYfXw/source/qemu-c3d48b7d1e89604920e5b81b91140c2ad39a1943/scripts/hxtool)
Program scripts/shaderinclude.py found: YES (/Users/gillesgoetsch/omacvm-app/runtime/.build/tmp/omarchy-qemu-source-build.EbYfXw/source/qemu-c3d48b7d1e89604920e5b81b91140c2ad39a1943/build/pyvenv/bin/python3.14 /Users/gillesgoetsch/omacvm-app/runtime/.build/tmp/omarchy-qemu-source-build.EbYfXw/source/qemu-c3d48b7d1e89604920e5b81b91140c2ad39a1943/scripts/shaderinclude.py)
Program scripts/qapi-gen.py found: YES (/Users/gillesgoetsch/omacvm-app/runtime/.build/tmp/omarchy-qemu-source-build.EbYfXw/source/qemu-c3d48b7d1e89604920e5b81b91140c2ad39a1943/build/pyvenv/bin/python3.14 /Users/gillesgoetsch/omacvm-app/runtime/.build/tmp/omarchy-qemu-source-build.EbYfXw/source/qemu-c3d48b7d1e89604920e5b81b91140c2ad39a1943/scripts/qapi-gen.py)
Program scripts/qemu-version.sh found: YES (/Users/gillesgoetsch/omacvm-app/runtime/.build/tmp/omarchy-qemu-source-build.EbYfXw/source/qemu-c3d48b7d1e89604920e5b81b91140c2ad39a1943/scripts/qemu-version.sh)

Executing subproject keycodemapdb 

keycodemapdb| Project name: keycodemapdb
keycodemapdb| Project version: undefined
keycodemapdb| Program tools/keymap-gen found: YES (/Users/gillesgoetsch/omacvm-app/runtime/.build/tmp/omarchy-qemu-source-build.EbYfXw/source/qemu-c3d48b7d1e89604920e5b81b91140c2ad39a1943/subprojects/keycodemapdb/tools/keymap-gen)
keycodemapdb| Build targets in project: 448
keycodemapdb| Subproject keycodemapdb finished.

Program scripts/decodetree.py found: YES (/Users/gillesgoetsch/omacvm-app/runtime/.build/tmp/omarchy-qemu-source-build.EbYfXw/source/qemu-c3d48b7d1e89604920e5b81b91140c2ad39a1943/build/pyvenv/bin/python3.14 /Users/gillesgoetsch/omacvm-app/runtime/.build/tmp/omarchy-qemu-source-build.EbYfXw/source/qemu-c3d48b7d1e89604920e5b81b91140c2ad39a1943/scripts/decodetree.py)
Program ../scripts/feature_to_c.py found: YES (/Users/gillesgoetsch/omacvm-app/runtime/.build/tmp/omarchy-qemu-source-build.EbYfXw/source/qemu-c3d48b7d1e89604920e5b81b91140c2ad39a1943/build/pyvenv/bin/python3.14 /Users/gillesgoetsch/omacvm-app/runtime/.build/tmp/omarchy-qemu-source-build.EbYfXw/source/qemu-c3d48b7d1e89604920e5b81b91140c2ad39a1943/gdbstub/../scripts/feature_to_c.py)
Program ../scripts/modules/module_block.py found: YES (/Users/gillesgoetsch/omacvm-app/runtime/.build/tmp/omarchy-qemu-source-build.EbYfXw/source/qemu-c3d48b7d1e89604920e5b81b91140c2ad39a1943/build/pyvenv/bin/python3.14 /Users/gillesgoetsch/omacvm-app/runtime/.build/tmp/omarchy-qemu-source-build.EbYfXw/source/qemu-c3d48b7d1e89604920e5b81b91140c2ad39a1943/block/../scripts/modules/module_block.py)
Program ../scripts/block-coroutine-wrapper.py found: YES (/Users/gillesgoetsch/omacvm-app/runtime/.build/tmp/omarchy-qemu-source-build.EbYfXw/source/qemu-c3d48b7d1e89604920e5b81b91140c2ad39a1943/build/pyvenv/bin/python3.14 /Users/gillesgoetsch/omacvm-app/runtime/.build/tmp/omarchy-qemu-source-build.EbYfXw/source/qemu-c3d48b7d1e89604920e5b81b91140c2ad39a1943/block/../scripts/block-coroutine-wrapper.py)
Program scripts/modinfo-collect.py found: YES (/Users/gillesgoetsch/omacvm-app/runtime/.build/tmp/omarchy-qemu-source-build.EbYfXw/source/qemu-c3d48b7d1e89604920e5b81b91140c2ad39a1943/build/pyvenv/bin/python3.14 /Users/gillesgoetsch/omacvm-app/runtime/.build/tmp/omarchy-qemu-source-build.EbYfXw/source/qemu-c3d48b7d1e89604920e5b81b91140c2ad39a1943/scripts/modinfo-collect.py)
Program scripts/modinfo-generate.py found: YES (/Users/gillesgoetsch/omacvm-app/runtime/.build/tmp/omarchy-qemu-source-build.EbYfXw/source/qemu-c3d48b7d1e89604920e5b81b91140c2ad39a1943/build/pyvenv/bin/python3.14 /Users/gillesgoetsch/omacvm-app/runtime/.build/tmp/omarchy-qemu-source-build.EbYfXw/source/qemu-c3d48b7d1e89604920e5b81b91140c2ad39a1943/scripts/modinfo-generate.py)
Program scripts/rust/rust_root_crate.sh found: YES (/Users/gillesgoetsch/omacvm-app/runtime/.build/tmp/omarchy-qemu-source-build.EbYfXw/source/qemu-c3d48b7d1e89604920e5b81b91140c2ad39a1943/scripts/rust/rust_root_crate.sh)
Program scripts/entitlement.sh found: YES (/Users/gillesgoetsch/omacvm-app/runtime/.build/tmp/omarchy-qemu-source-build.EbYfXw/source/qemu-c3d48b7d1e89604920e5b81b91140c2ad39a1943/scripts/entitlement.sh)
Configuring 50-edk2-i386-secure.json using configuration
Configuring 50-edk2-x86_64-secure.json using configuration
Configuring 60-edk2-aarch64.json using configuration
Configuring 60-edk2-arm.json using configuration
Configuring 60-edk2-i386.json using configuration
Configuring 60-edk2-x86_64.json using configuration
Configuring 60-edk2-loongarch64.json using configuration
Configuring 60-edk2-riscv64.json using configuration
Program dtc found: NO
Program qemu-keymap found: NO
Program /Users/gillesgoetsch/omacvm-app/runtime/.build/tmp/omarchy-qemu-source-build.EbYfXw/source/qemu-c3d48b7d1e89604920e5b81b91140c2ad39a1943/build/pyvenv/bin/sphinx-build skipped: feature docs disabled
Program /Users/gillesgoetsch/omacvm-app/runtime/.build/tmp/omarchy-qemu-source-build.EbYfXw/source/qemu-c3d48b7d1e89604920e5b81b91140c2ad39a1943/scripts/decodetree.py found: YES (/Users/gillesgoetsch/omacvm-app/runtime/.build/tmp/omarchy-qemu-source-build.EbYfXw/source/qemu-c3d48b7d1e89604920e5b81b91140c2ad39a1943/build/pyvenv/bin/python3.14 /Users/gillesgoetsch/omacvm-app/runtime/.build/tmp/omarchy-qemu-source-build.EbYfXw/source/qemu-c3d48b7d1e89604920e5b81b91140c2ad39a1943/scripts/decodetree.py)
Program diff found: YES (/usr/bin/diff)
Program dbus-daemon found: NO
Run-time dependency sysprof-capture-4 found: NO  (tried pkg-config)
WARNING: Static library 'iconv' not found for dependency 'glib-2.0', may not be statically linked
Run-time dependency glib-2.0 found: YES 2.88.3
Program initrd-stress.sh found: YES (/Users/gillesgoetsch/omacvm-app/runtime/.build/tmp/omarchy-qemu-source-build.EbYfXw/source/qemu-c3d48b7d1e89604920e5b81b91140c2ad39a1943/tests/migration-stress/initrd-stress.sh)
Build targets in project: 705

qemu 11.1.1

  Build environment
    Build directory                 : /Users/gillesgoetsch/omacvm-app/runtime/.build/tmp/omarchy-qemu-source-build.EbYfXw/source/qemu-c3d48b7d1e89604920e5b81b91140c2ad39a1943/build
    Source path                     : /Users/gillesgoetsch/omacvm-app/runtime/.build/tmp/omarchy-qemu-source-build.EbYfXw/source/qemu-c3d48b7d1e89604920e5b81b91140c2ad39a1943
    Download dependencies           : NO

  Directories
    Install prefix                  : /Users/gillesgoetsch/omacvm-app/runtime/.build/tmp/omarchy-qemu-source-build.EbYfXw/install
    BIOS directory                  : share/qemu
    firmware path                   : share/qemu-firmware
    binary directory                : /Users/gillesgoetsch/omacvm-app/runtime/.build/tmp/omarchy-qemu-source-build.EbYfXw/install/bin
    library directory               : /Users/gillesgoetsch/omacvm-app/runtime/.build/tmp/omarchy-qemu-source-build.EbYfXw/install/lib
    module directory                : lib/qemu
    libexec directory               : /Users/gillesgoetsch/omacvm-app/runtime/.build/tmp/omarchy-qemu-source-build.EbYfXw/install/libexec
    include directory               : /Users/gillesgoetsch/omacvm-app/runtime/.build/tmp/omarchy-qemu-source-build.EbYfXw/install/include
    config directory                : /Users/gillesgoetsch/omacvm-app/runtime/.build/tmp/omarchy-qemu-source-build.EbYfXw/install/etc
    local state directory           : /Users/gillesgoetsch/omacvm-app/runtime/.build/tmp/omarchy-qemu-source-build.EbYfXw/install/var
    Manual directory                : /Users/gillesgoetsch/omacvm-app/runtime/.build/tmp/omarchy-qemu-source-build.EbYfXw/install/share/man
    Doc directory                   : /Users/gillesgoetsch/omacvm-app/runtime/.build/tmp/omarchy-qemu-source-build.EbYfXw/install/share/doc

  Host binaries
    python                          : /Users/gillesgoetsch/omacvm-app/runtime/.build/tmp/omarchy-qemu-source-build.EbYfXw/source/qemu-c3d48b7d1e89604920e5b81b91140c2ad39a1943/build/pyvenv/bin/python3.14 (version: 3.14)
    sphinx-build                    : NO
    gdb                             : 
    iasl                            : NO
    genisoimage                     : 
    smbd                            : NO

  Configurable features
    Documentation                   : NO
    system-mode emulation           : YES
    user-mode emulation             : NO
    block layer                     : YES
    Install blobs                   : YES
    module support                  : NO
    fuzzing support                 : NO
    Audio drivers                   : sdl
    Trace backends                  : log
    QOM debugging                   : YES
    Relocatable install             : YES
    vhost-kernel support            : NO
    vhost-net support               : NO
    vhost-user support              : NO
    vhost-user-crypto support       : NO
    vhost-user-blk server support   : NO
    vhost-vdpa support              : NO
    build guest agent               : NO

  Compilation
    host CPU                        : aarch64
    host endianness                 : little
    C compiler                      : cc
    Host C compiler                 : cc
    C++ compiler                    : NO
    Objective-C compiler            : clang
    Rust support                    : NO
    CFLAGS                          : -mmacosx-version-min=15.0 -Werror=unguarded-availability-new -O2
    OBJCFLAGS                       : -mmacosx-version-min=15.0 -Werror=unguarded-availability-new -O2
    LDFLAGS                         : -mmacosx-version-min=15.0 -Werror=unguarded-availability-new -mmacosx-version-min=15.0
    QEMU_CFLAGS                     : -D_GNU_SOURCE -D_FILE_OFFSET_BITS=64 -D_LARGEFILE_SOURCE -fno-strict-aliasing -fno-common -fwrapv -fno-pie -ftrivial-auto-var-init=zero -fzero-init-padding-bits=all -fzero-call-used-regs=used-gpr
    QEMU_OBJCFLAGS                  : -D_GNU_SOURCE -D_FILE_OFFSET_BITS=64 -D_LARGEFILE_SOURCE -fno-strict-aliasing -fno-common -fwrapv -fno-pie -ftrivial-auto-var-init=zero -fzero-init-padding-bits=all -fzero-call-used-regs=used-gpr
    QEMU_LDFLAGS                    : 
    link-time optimization (LTO)    : NO
    PIE                             : NO
    static build                    : NO
    malloc trim support             : NO
    membarrier                      : NO
    debug graph lock                : NO
    debug stack usage               : NO
    mutex debugging                 : NO
    memory allocator                : system
    avx2 optimization               : NO
    avx512bw optimization           : NO
    gcov                            : NO
    thread sanitizer                : NO
    CFI support                     : NO
    strip binaries                  : NO
    sparse                          : NO
    mingw32 support                 : NO

  Cross compilers
    aarch64                         : cc --cc aarch64-linux-gnu-gcc -i qemu/debian-arm64-cross -s /Users/gillesgoetsch/omacvm-app/runtime/.build/tmp/omarchy-qemu-source-build.EbYfXw/source/qemu-c3d48b7d1e89604920e5b81b91140c2ad39a1943 --

  Targets and accelerators
    KVM support                     : NO
    Nitro support                   : NO
    HVF support                     : YES
    WHPX support                    : NO
    NVMM support                    : NO
    MSHV support                    : NO
    Xen support                     : NO
    Xen emulation                   : NO
    TCG support                     : NO
    target list                     : aarch64-softmmu
    default devices                 : YES
    out of process emulation        : NO
    vfio-user server                : NO

  Block layer support
    coroutine backend               : sigaltstack
    coroutine pool                  : YES
    Block whitelist (rw)            : 
    Block whitelist (ro)            : 
    Use block whitelist in tools    : NO
    VirtFS (9P) support             : YES
    replication support             : NO
    bochs support                   : NO
    cloop support                   : NO
    dmg support                     : NO
    qcow v1 support                 : NO
    vdi support                     : NO
    vhdx support                    : NO
    vmdk support                    : NO
    vpc support                     : NO
    vvfat support                   : NO
    qed support                     : NO
    parallels support               : NO
    FUSE exports                    : NO
    VDUSE block exports             : NO

  Crypto
    TLS priority                    : NORMAL
    GNUTLS support                  : NO
    libgcrypt                       : NO
    nettle                          : NO
    SM4 ALG support                 : NO
    SM3 ALG support                 : NO
    AF_ALG support                  : NO
    rng-none                        : NO
    Linux keyring                   : NO
    Linux keyutils                  : NO

  User interface
    Cocoa support                   : YES
    D-Bus display                   : NO
    SDL support                     : YES 2.32.70
    SDL image support               : NO
    GTK support                     : NO
    pixman                          : YES 0.46.4
    VTE support                     : NO
    PNG support                     : NO
    VNC support                     : NO
    VNC D-Bus server (qemu-vnc)     : NO
    spice protocol support          : NO
    curses support                  : NO
    brlapi support                  : NO

  Graphics backends
    VirGL support                   : YES 1.3.0
    Rutabaga support                : NO

  Audio backends
    CoreAudio support               : NO
    PipeWire support                : NO
    JACK support                    : NO

  Network backends
    vmnet.framework support         : NO
    AF_XDP support                  : NO
    passt support                   : NO
    slirp support                   : YES 4.9.4
    vde support                     : NO
    netmap support                  : NO
    l2tpv3 support                  : NO

  Dependencies
    libtasn1                        : NO
    PAM                             : NO
    iconv support                   : NO
    blkio support                   : NO
    curl support                    : NO
    Multipath support               : NO
    Linux AIO support               : NO
    Linux io_uring support          : NO
    ATTR/XATTR support              : NO
    RDMA support                    : NO
    fdt support                     : internal
    libcap-ng support               : NO
    bpf support                     : NO
    rbd support                     : NO
    smartcard support               : NO
    U2F support                     : NO
    libusb                          : YES 1.0.30
    usb net redir                   : NO
    OpenGL support (epoxy)          : YES 1.5.11
    GBM                             : NO
    libiscsi support                : NO
    libnfs support                  : NO
    seccomp support                 : NO
    hv-balloon support              : NO
    TPM support                     : NO
    IGVM support                    : NO
    libssh support                  : NO
    lzo support                     : NO
    snappy support                  : NO
    bzip2 support                   : NO
    lzfse support                   : NO
    zstd support                    : NO
    Query Processing Library support: NO
    UADK Library support            : NO
    qatzip support                  : NO
    NUMA host support               : NO
    capstone                        : NO
    libpmem support                 : NO
    libdaxctl support               : NO
    libcbor support                 : NO
    libudev                         : NO
    FUSE lseek                      : NO
    selinux                         : NO
    libdw                           : NO
    ParavirtualizedGraphics support : NO
    valgrind                        : NO

  Subprojects
    dtc                             : YES
    keycodemapdb                    : YES

  User defined options
    Native files                    : config-meson.cross
    audio_drv_list                  : sdl
    auto_features                   : disabled
    b_pie                           : false
    cocoa                           : enabled
    debug                           : false
    docs                            : disabled
    fdt                             : internal
    hvf                             : enabled
    libusb                          : enabled
    opengl                          : enabled
    pixman                          : enabled
    prefix                          : /Users/gillesgoetsch/omacvm-app/runtime/.build/tmp/omarchy-qemu-source-build.EbYfXw/install
    sdl                             : enabled
    slirp                           : enabled
    tcg                             : disabled
    virglrenderer                   : enabled
    virtfs                          : enabled
    werror                          : false
    wrap_mode                       : nodownload

Found ninja-1.13.0.git.kitware.jobserver-pipe-1 at /Users/gillesgoetsch/omacvm-app/runtime/.build/tmp/omarchy-qemu-source-build.EbYfXw/tools/ninja-1.13.0.data/scripts/ninja
Running postconf script '/Users/gillesgoetsch/omacvm-app/runtime/.build/tmp/omarchy-qemu-source-build.EbYfXw/source/qemu-c3d48b7d1e89604920e5b81b91140c2ad39a1943/build/pyvenv/bin/python3.14 /Users/gillesgoetsch/omacvm-app/runtime/.build/tmp/omarchy-qemu-source-build.EbYfXw/source/qemu-c3d48b7d1e89604920e5b81b91140c2ad39a1943/scripts/symlink-install-tree.py'
[qemu-source-build] Audited compatibility flags in 2319 compile commands
[qemu-source-build] Building qemu-system-aarch64
ninja: Entering directory `/Users/gillesgoetsch/omacvm-app/runtime/.build/tmp/omarchy-qemu-source-build.EbYfXw/source/qemu-c3d48b7d1e89604920e5b81b91140c2ad39a1943/build'
[1/1557] Generating qemu-img-cmds.h with a custom command (wrapped by meson to capture output)
[2/1557] Generating hmp-commands.h with a custom command (wrapped by meson to capture output)
[3/1557] Generating trace/trace-root.h with a custom command
[4/1557] Generating hmp-commands-info.h with a custom command (wrapped by meson to capture output)
[5/1557] Generating qemu-options.def with a custom command (wrapped by meson to capture output)
[6/1557] Generating trace/trace-root.c with a custom command
[7/1557] Generating trace/trace-crypto.h with a custom command
[8/1557] Generating trace/trace-crypto.c with a custom command
[9/1557] Generating trace/trace-qapi.h with a custom command
[10/1557] Generating trace/trace-qapi.c with a custom command
[11/1557] Generating trace/trace-qom.h with a custom command
[12/1557] Generating config-poison.h with a custom command (wrapped by meson to capture output)
[13/1557] Generating trace/trace-qom.c with a custom command
[14/1557] Generating trace/trace-monitor.h with a custom command
[15/1557] Generating trace/trace-monitor.c with a custom command
[16/1557] Generating trace/trace-util.h with a custom command
[17/1557] Generating trace/trace-util.c with a custom command
[18/1557] Generating trace/trace-gdbstub.h with a custom command
[19/1557] Generating trace/trace-gdbstub.c with a custom command
[20/1557] Generating trace/trace-tools_qemu_vnc.h with a custom command
[21/1557] Generating trace/trace-tools_qemu_vnc.c with a custom command
[22/1557] Generating trace/trace-authz.h with a custom command
[23/1557] Generating trace/trace-authz.c with a custom command
[24/1557] Generating trace/trace-block.h with a custom command
[25/1557] Generating trace/trace-block.c with a custom command
[26/1557] Generating qemu-version.h with a custom command (wrapped by meson to capture output)
[27/1557] Generating trace/trace-chardev.h with a custom command
[28/1557] Generating trace/trace-chardev.c with a custom command
[29/1557] Generating trace/trace-io.h with a custom command
[30/1557] Generating trace/trace-io.c with a custom command
[31/1557] Generating trace/trace-nbd.c with a custom command
[32/1557] Generating trace/trace-nbd.h with a custom command
[33/1557] Generating trace/trace-scsi.h with a custom command
[34/1557] Generating trace/trace-scsi.c with a custom command
[35/1557] Generating trace/trace-accel_hvf.h with a custom command
[36/1557] Generating trace/trace-accel_hvf.c with a custom command
[37/1557] Generating trace/trace-accel_kvm.c with a custom command
[38/1557] Generating trace/trace-accel_kvm.h with a custom command
[39/1557] Generating trace/trace-accel_mshv.h with a custom command
[40/1557] Generating trace/trace-accel_mshv.c with a custom command
[41/1557] Generating trace/trace-accel_nitro.c with a custom command
[42/1557] Generating trace/trace-accel_nitro.h with a custom command
[43/1557] Generating trace/trace-audio.h with a custom command
[44/1557] Generating trace/trace-backends.h with a custom command
[45/1557] Generating trace/trace-audio.c with a custom command
[46/1557] Generating trace/trace-backends.c with a custom command
[47/1557] Generating trace/trace-backends_tpm.h with a custom command
[48/1557] Generating trace/trace-backends_tpm.c with a custom command
[49/1557] Generating trace/trace-ebpf.c with a custom command
[50/1557] Generating trace/trace-ebpf.h with a custom command
[51/1557] Generating trace/trace-hw_9pfs.c with a custom command
[52/1557] Generating trace/trace-hw_9pfs.h with a custom command
[53/1557] Generating trace/trace-hw_acpi.h with a custom command
[54/1557] Generating trace/trace-hw_adc.h with a custom command
[55/1557] Generating trace/trace-hw_acpi.c with a custom command
[56/1557] Generating trace/trace-hw_adc.c with a custom command
[57/1557] Generating trace/trace-hw_alpha.h with a custom command
[58/1557] Generating trace/trace-hw_alpha.c with a custom command
[59/1557] Generating trace/trace-hw_arm.c with a custom command
[60/1557] Generating trace/trace-hw_arm.h with a custom command
[61/1557] Generating trace/trace-hw_audio.h with a custom command
[62/1557] Generating trace/trace-hw_audio.c with a custom command
[63/1557] Generating trace/trace-hw_block.h with a custom command
[64/1557] Generating trace/trace-hw_char.c with a custom command
[65/1557] Generating trace/trace-hw_block.c with a custom command
[66/1557] Generating trace/trace-hw_char.h with a custom command
[67/1557] Generating qapi/shared QAPI source files with a custom command
[68/1557] Generating trace/trace-hw_display.h with a custom command
[69/1557] Generating trace/trace-hw_display.c with a custom command
[70/1557] Generating trace/trace-hw_dma.h with a custom command
[71/1557] Generating trace/trace-hw_dma.c with a custom command
[72/1557] Generating trace/trace-hw_fsi.h with a custom command
[73/1557] Generating trace/trace-hw_hexagon.c with a custom command
[74/1557] Generating trace/trace-hw_hexagon.h with a custom command
[75/1557] Generating trace/trace-hw_fsi.c with a custom command
[76/1557] Generating trace/trace-hw_hyperv.c with a custom command
[77/1557] Generating trace/trace-hw_hyperv.h with a custom command
[78/1557] Generating trace/trace-hw_i2c.h with a custom command
[79/1557] Generating trace/trace-hw_i386_xen.h with a custom command
[80/1557] Generating trace/trace-hw_i2c.c with a custom command
[81/1557] Generating trace/trace-hw_i3c.c with a custom command
[82/1557] Generating trace/trace-hw_i3c.h with a custom command
[83/1557] Generating trace/trace-hw_i386.c with a custom command
[84/1557] Generating trace/trace-hw_i386.h with a custom command
[85/1557] Generating trace/trace-hw_i386_xen.c with a custom command
[86/1557] Generating trace/trace-hw_i386_kvm.h with a custom command
[87/1557] Generating trace/trace-hw_i386_kvm.c with a custom command
[88/1557] Generating trace/trace-hw_ide.h with a custom command
[89/1557] Generating trace/trace-hw_ide.c with a custom command
[90/1557] Generating trace/trace-hw_input.h with a custom command
[91/1557] Generating trace/trace-hw_input.c with a custom command
[92/1557] Generating trace/trace-hw_isa.c with a custom command
[93/1557] Generating trace/trace-hw_isa.h with a custom command
[94/1557] Generating trace/trace-hw_mem.h with a custom command
[95/1557] Generating trace/trace-hw_intc.c with a custom command
[96/1557] Generating trace/trace-hw_intc.h with a custom command
[97/1557] Generating trace/trace-hw_mem.c with a custom command
[98/1557] Generating trace/trace-hw_mips.h with a custom command
[99/1557] Generating trace/trace-hw_mips.c with a custom command
[100/1557] Generating trace/trace-hw_misc_macio.h with a custom command
[101/1557] Generating trace/trace-hw_misc.c with a custom command
[102/1557] Generating trace/trace-hw_misc.h with a custom command
[103/1557] Generating trace/trace-hw_misc_macio.c with a custom command
[104/1557] Generating trace/trace-hw_net.c with a custom command
[105/1557] Generating trace/trace-hw_net_can.h with a custom command
[106/1557] Generating trace/trace-hw_net_can.c with a custom command
[107/1557] Generating trace/trace-hw_nitro.h with a custom command
[108/1557] Generating trace/trace-hw_net.h with a custom command
[109/1557] Generating trace/trace-hw_nitro.c with a custom command
[110/1557] Generating trace/trace-hw_nubus.h with a custom command
[111/1557] Generating trace/trace-hw_nubus.c with a custom command
[112/1557] Generating trace/trace-hw_nvram.h with a custom command
[113/1557] Generating trace/trace-hw_nvram.c with a custom command
[114/1557] Generating trace/trace-hw_nvme.c with a custom command
[115/1557] Generating trace/trace-hw_nvme.h with a custom command
[116/1557] Generating trace/trace-hw_pci.c with a custom command
[117/1557] Generating trace/trace-hw_pci.h with a custom command
[118/1557] Generating trace/trace-hw_pci_host.c with a custom command
[119/1557] Generating trace/trace-hw_pci_host.h with a custom command
[120/1557] Generating trace/trace-hw_ppc.h with a custom command
[121/1557] Generating trace/trace-hw_ppc.c with a custom command
[122/1557] Generating trace/trace-hw_rtc.c with a custom command
[123/1557] Generating trace/trace-hw_rtc.h with a custom command
[124/1557] Generating trace/trace-hw_riscv.h with a custom command
[125/1557] Generating trace/trace-hw_riscv.c with a custom command
[126/1557] Generating trace/trace-hw_s390x.h with a custom command
[127/1557] Generating trace/trace-hw_s390x.c with a custom command
[128/1557] Generating trace/trace-hw_scsi.c with a custom command
[129/1557] Generating trace/trace-hw_sd.c with a custom command
[130/1557] Generating trace/trace-hw_sd.h with a custom command
[131/1557] Generating trace/trace-hw_sensor.h with a custom command
[132/1557] Generating trace/trace-hw_sensor.c with a custom command
[133/1557] Generating trace/trace-hw_scsi.h with a custom command
[134/1557] Generating trace/trace-hw_sh4.c with a custom command
[135/1557] Generating trace/trace-hw_sh4.h with a custom command
[136/1557] Generating trace/trace-hw_sparc.h with a custom command
[137/1557] Generating trace/trace-hw_sparc.c with a custom command
[138/1557] Generating trace/trace-hw_sparc64.h with a custom command
[139/1557] Generating trace/trace-hw_sparc64.c with a custom command
[140/1557] Generating trace/trace-hw_ssi.c with a custom command
[141/1557] Generating trace/trace-hw_ssi.h with a custom command
[142/1557] Generating trace/trace-hw_tpm.h with a custom command
[143/1557] Generating trace/trace-hw_timer.h with a custom command
[144/1557] Generating trace/trace-hw_timer.c with a custom command
[145/1557] Generating trace/trace-hw_tpm.c with a custom command
[146/1557] Generating trace/trace-hw_uefi.h with a custom command
[147/1557] Generating trace/trace-hw_uefi.c with a custom command
[148/1557] Generating trace/trace-hw_ufs.h with a custom command
[149/1557] Generating trace/trace-hw_ufs.c with a custom command
[150/1557] Generating trace/trace-hw_usb.c with a custom command
[151/1557] Generating trace/trace-hw_usb.h with a custom command
[152/1557] Generating trace/trace-hw_vfio_user.c with a custom command
[153/1557] Generating trace/trace-hw_vfio_user.h with a custom command
[154/1557] Generating trace/trace-hw_vfio.c with a custom command
[155/1557] Generating trace/trace-hw_vfio.h with a custom command
[156/1557] Generating trace/trace-hw_virtio.h with a custom command
[157/1557] Generating trace/trace-hw_virtio.c with a custom command
[158/1557] Generating trace/trace-hw_vmapple.c with a custom command
[159/1557] Generating trace/trace-hw_vmapple.h with a custom command
[160/1557] Generating trace/trace-hw_watchdog.h with a custom command
[161/1557] Generating trace/trace-hw_watchdog.c with a custom command
[162/1557] Generating trace/trace-hw_xen.h with a custom command
[163/1557] Generating trace/trace-hw_xen.c with a custom command
[164/1557] Generating trace/trace-hw_gpio.h with a custom command
[165/1557] Generating trace/trace-hw_gpio.c with a custom command
[166/1557] Generating trace/trace-migration.c with a custom command
[167/1557] Generating trace/trace-migration.h with a custom command
[168/1557] Generating trace/trace-net.c with a custom command
[169/1557] Generating trace/trace-net.h with a custom command
[170/1557] Generating trace/trace-replay.c with a custom command
[171/1557] Generating trace/trace-replay.h with a custom command
[172/1557] Generating trace/trace-system.h with a custom command
[173/1557] Generating trace/trace-system.c with a custom command
[174/1557] Generating trace/trace-hw_remote.c with a custom command
[175/1557] Generating trace/trace-hw_remote.h with a custom command
[176/1557] Generating trace/trace-ui.c with a custom command
[177/1557] Generating trace/trace-ui.h with a custom command
[178/1557] Generating trace/trace-accel_tcg.h with a custom command
[179/1557] Generating trace/trace-accel_tcg.c with a custom command
[180/1557] Generating trace/trace-hw_core.c with a custom command
[181/1557] Generating trace/trace-hw_core.h with a custom command
[182/1557] Generating trace/trace-target_arm.h with a custom command
[183/1557] Generating trace/trace-target_arm.c with a custom command
[184/1557] Generating trace/trace-target_arm_hvf.h with a custom command
[185/1557] Generating trace/trace-target_arm_hvf.c with a custom command
[186/1557] Generating trace/trace-target_arm_tcg.h with a custom command
[187/1557] Generating trace/trace-target_arm_tcg.c with a custom command
[188/1557] Generating trace/trace-target_hppa.h with a custom command
[189/1557] Generating trace/trace-target_hppa.c with a custom command
[190/1557] Generating trace/trace-target_i386.c with a custom command
[191/1557] Generating trace/trace-target_i386.h with a custom command
[192/1557] Generating trace/trace-target_i386_whpx.h with a custom command
[193/1557] Generating trace/trace-target_i386_kvm.h with a custom command
[194/1557] Generating trace/trace-target_i386_kvm.c with a custom command
[195/1557] Generating trace/trace-target_i386_whpx.c with a custom command
[196/1557] Generating trace/trace-target_loongarch.c with a custom command
[197/1557] Generating trace/trace-target_loongarch.h with a custom command
[198/1557] Generating trace/trace-target_mips_tcg.c with a custom command
[199/1557] Generating trace/trace-target_mips_tcg.h with a custom command
[200/1557] Generating trace/trace-target_ppc.c with a custom command
[201/1557] Generating trace/trace-target_ppc.h with a custom command
[202/1557] Generating trace/trace-target_riscv.c with a custom command
[203/1557] Generating trace/trace-target_riscv.h with a custom command
[204/1557] Generating trace/trace-target_s390x.h with a custom command
[205/1557] Generating trace/trace-target_s390x.c with a custom command
[206/1557] Generating trace/trace-target_s390x_kvm.h with a custom command
[207/1557] Generating trace/trace-target_s390x_kvm.c with a custom command
[208/1557] Generating trace/trace-target_sparc.c with a custom command
[209/1557] Generating trace/trace-target_sparc.h with a custom command
[210/1557] Generating trace/trace-qapi_commands_authz_trace_events.h with a custom command
[211/1557] Generating trace/trace-qapi_commands_authz_trace_events.c with a custom command
[212/1557] Generating trace/trace-qapi_commands_block_trace_events.h with a custom command
[213/1557] Generating trace/trace-qapi_commands_block_trace_events.c with a custom command
[214/1557] Generating trace/trace-qapi_commands_char_trace_events.c with a custom command
[215/1557] Generating trace/trace-qapi_commands_block_export_trace_events.h with a custom command
[216/1557] Generating trace/trace-qapi_commands_char_trace_events.h with a custom command
[217/1557] Generating trace/trace-qapi_commands_block_export_trace_events.c with a custom command
[218/1557] Generating trace/trace-qapi_commands_block_core_trace_events.c with a custom command
[219/1557] Generating trace/trace-qapi_commands_block_core_trace_events.h with a custom command
[220/1557] Generating trace/trace-qapi_commands_common_trace_events.h with a custom command
[221/1557] Generating trace/trace-qapi_commands_common_trace_events.c with a custom command
[222/1557] Generating trace/trace-qapi_commands_compat_trace_events.h with a custom command
[223/1557] Generating trace/trace-qapi_commands_compat_trace_events.c with a custom command
[224/1557] Generating trace/trace-qapi_commands_control_trace_events.h with a custom command
[225/1557] Generating trace/trace-qapi_commands_control_trace_events.c with a custom command
[226/1557] Generating trace/trace-qapi_commands_crypto_trace_events.h with a custom command
[227/1557] Generating trace/trace-qapi_commands_crypto_trace_events.c with a custom command
[228/1557] Generating trace/trace-qapi_commands_cxl_trace_events.c with a custom command
[229/1557] Generating trace/trace-qapi_commands_cxl_trace_events.h with a custom command
[230/1557] Generating trace/trace-qapi_commands_dump_trace_events.c with a custom command
[231/1557] Generating trace/trace-qapi_commands_dump_trace_events.h with a custom command
[232/1557] Generating trace/trace-qapi_commands_error_trace_events.h with a custom command
[233/1557] Generating trace/trace-qapi_commands_ebpf_trace_events.h with a custom command
[234/1557] Generating trace/trace-qapi_commands_ebpf_trace_events.c with a custom command
[235/1557] Generating trace/trace-qapi_commands_error_trace_events.c with a custom command
[236/1557] Generating trace/trace-qapi_commands_introspect_trace_events.h with a custom command
[237/1557] Generating trace/trace-qapi_commands_introspect_trace_events.c with a custom command
[238/1557] Generating trace/trace-qapi_commands_machine_common_trace_events.h with a custom command
[239/1557] Generating trace/trace-qapi_commands_job_trace_events.h with a custom command
[240/1557] Generating trace/trace-qapi_commands_machine_common_trace_events.c with a custom command
[241/1557] Generating trace/trace-qapi_commands_job_trace_events.c with a custom command
[242/1557] Generating trace/trace-qapi_commands_machine_trace_events.c with a custom command
[243/1557] Generating trace/trace-qapi_commands_machine_trace_events.h with a custom command
[244/1557] Generating trace/trace-qapi_commands_machine_s390x_trace_events.c with a custom command
[245/1557] Generating trace/trace-qapi_commands_machine_s390x_trace_events.h with a custom command
[246/1557] Generating trace/trace-qapi_commands_migration_trace_events.c with a custom command
[247/1557] Generating trace/trace-qapi_commands_misc_trace_events.h with a custom command
[248/1557] Generating trace/trace-qapi_commands_misc_trace_events.c with a custom command
[249/1557] Generating trace/trace-qapi_commands_migration_trace_events.h with a custom command
[250/1557] Generating trace/trace-qapi_commands_net_trace_events.c with a custom command
[251/1557] Generating trace/trace-qapi_commands_net_trace_events.h with a custom command
[252/1557] Generating trace/trace-qapi_commands_pragma_trace_events.c with a custom command
[253/1557] Generating trace/trace-qapi_commands_pragma_trace_events.h with a custom command
[254/1557] Generating trace/trace-qapi_commands_qom_trace_events.h with a custom command
[255/1557] Generating trace/trace-qapi_commands_qom_trace_events.c with a custom command
[256/1557] Generating trace/trace-qapi_commands_replay_trace_events.c with a custom command
[257/1557] Generating trace/trace-qapi_commands_replay_trace_events.h with a custom command
[258/1557] Generating trace/trace-qapi_commands_run_state_trace_events.c with a custom command
[259/1557] Generating trace/trace-qapi_commands_run_state_trace_events.h with a custom command
[260/1557] Generating trace/trace-qapi_commands_sockets_trace_events.h with a custom command
[261/1557] Generating trace/trace-qapi_commands_sockets_trace_events.c with a custom command
[262/1557] Generating trace/trace-qapi_commands_trace_trace_events.c with a custom command
[263/1557] Generating trace/trace-qapi_commands_stats_trace_events.h with a custom command
[264/1557] Generating trace/trace-qapi_commands_stats_trace_events.c with a custom command
[265/1557] Generating trace/trace-qapi_commands_trace_trace_events.h with a custom command
[266/1557] Generating trace/trace-qapi_commands_transaction_trace_events.c with a custom command
[267/1557] Generating trace/trace-qapi_commands_transaction_trace_events.h with a custom command
[268/1557] Generating trace/trace-qapi_commands_vfio_trace_events.c with a custom command
[269/1557] Generating trace/trace-qapi_commands_vfio_trace_events.h with a custom command
[270/1557] Generating trace/trace-qapi_commands_yank_trace_events.h with a custom command
[271/1557] Generating trace/trace-qapi_commands_virtio_trace_events.h with a custom command
[272/1557] Generating trace/trace-qapi_commands_virtio_trace_events.c with a custom command
[273/1557] Generating trace/trace-qapi_commands_yank_trace_events.c with a custom command
[274/1557] Generating trace/trace-qapi_commands_acpi_trace_events.c with a custom command
[275/1557] Generating trace/trace-qapi_commands_accelerator_trace_events.c with a custom command
[276/1557] Generating trace/trace-qapi_commands_acpi_trace_events.h with a custom command
[277/1557] Generating trace/trace-qapi_commands_acpi_hest_trace_events.h with a custom command
[278/1557] Generating trace/trace-qapi_commands_acpi_hest_trace_events.c with a custom command
[279/1557] Generating trace/trace-qapi_commands_accelerator_trace_events.h with a custom command
[280/1557] Generating trace/trace-qapi_commands_cryptodev_trace_events.c with a custom command
[281/1557] Generating trace/trace-qapi_commands_cryptodev_trace_events.h with a custom command
[282/1557] Generating trace/trace-qapi_commands_audio_trace_events.h with a custom command
[283/1557] Generating trace/trace-qapi_commands_audio_trace_events.c with a custom command
[284/1557] Generating trace/trace-qapi_commands_qdev_trace_events.h with a custom command
[285/1557] Generating trace/trace-qapi_commands_qdev_trace_events.c with a custom command
[286/1557] Generating trace/trace-qapi_commands_misc_arm_trace_events.h with a custom command
[287/1557] Generating trace/trace-qapi_commands_misc_arm_trace_events.c with a custom command
[288/1557] Generating trace/trace-qapi_commands_pci_trace_events.h with a custom command
[289/1557] Generating trace/trace-qapi_commands_pci_trace_events.c with a custom command
[290/1557] Generating trace/trace-qapi_commands_rocker_trace_events.h with a custom command
[291/1557] Generating trace/trace-qapi_commands_rocker_trace_events.c with a custom command
[292/1557] Generating trace/trace-qapi_commands_uefi_trace_events.c with a custom command
[293/1557] Generating trace/trace-qapi_commands_uefi_trace_events.h with a custom command
[294/1557] Generating trace/trace-qapi_commands_misc_i386_trace_events.c with a custom command
[295/1557] Generating trace/trace-qapi_commands_tpm_trace_events.h with a custom command
[296/1557] Generating trace/trace-qapi_commands_tpm_trace_events.c with a custom command
[297/1557] Generating trace/trace-qapi_commands_misc_i386_trace_events.h with a custom command
[298/1557] Generating trace/trace-qapi_commands_ui_trace_events.c with a custom command
[299/1557] Generating trace/trace-qapi_commands_ui_trace_events.h with a custom command
[300/1557] Generating ui/input-keymap-linux-to-atset1.c.inc with a custom command (wrapped by meson to capture output)
[301/1557] Generating ui/input-keymap-linux-to-qcode.c.inc with a custom command (wrapped by meson to capture output)
[302/1557] Generating ui/input-keymap-linux-to-atset2.c.inc with a custom command (wrapped by meson to capture output)
[303/1557] Generating ui/input-keymap-linux-to-atset3.c.inc with a custom command (wrapped by meson to capture output)
[304/1557] Generating ui/input-keymap-qcode-to-linux.c.inc with a custom command (wrapped by meson to capture output)
[305/1557] Generating ui/input-keymap-atset1-to-linux.c.inc with a custom command (wrapped by meson to capture output)
[306/1557] Generating ui/input-keymap-qnum-to-linux.c.inc with a custom command (wrapped by meson to capture output)
[307/1557] Generating ui/input-keymap-linux-to-sun.c.inc with a custom command (wrapped by meson to capture output)
[308/1557] Generating ui/input-keymap-linux-to-qnum.c.inc with a custom command (wrapped by meson to capture output)
[309/1557] Generating ui/input-keymap-usb-to-linux.c.inc with a custom command (wrapped by meson to capture output)
[310/1557] Generating ui/input-keymap-win32-to-linux.c.inc with a custom command (wrapped by meson to capture output)
[311/1557] Generating ui/input-keymap-x11-to-linux.c.inc with a custom command (wrapped by meson to capture output)
[312/1557] Generating ui/input-keymap-xorgxquartz-to-linux.c.inc with a custom command (wrapped by meson to capture output)
[313/1557] Generating ui/input-keymap-xorgkbd-to-linux.c.inc with a custom command (wrapped by meson to capture output)
[314/1557] Generating ui/input-keymap-xorgxwin-to-linux.c.inc with a custom command (wrapped by meson to capture output)
[315/1557] Generating ui/shader/texture-blit-frag.h with a custom command (wrapped by meson to capture output)
[316/1557] Generating ui/input-keymap-osx-to-linux.c.inc with a custom command (wrapped by meson to capture output)
[317/1557] Compiling C object subprojects/dtc/libfdt/libfdt.a.p/fdt_check.c.o
[318/1557] Compiling C object subprojects/dtc/libfdt/libfdt.a.p/fdt_addresses.c.o
[319/1557] Generating ui/shader/texture-blit-vert.h with a custom command (wrapped by meson to capture output)
[320/1557] Compiling C object subprojects/dtc/libfdt/libfdt.a.p/fdt.c.o
[321/1557] Compiling C object subprojects/dtc/libfdt/libfdt.a.p/fdt_empty_tree.c.o
[322/1557] Generating ui/shader/texture-blit-flip-vert.h with a custom command (wrapped by meson to capture output)
[323/1557] Compiling C object subprojects/dtc/libfdt/libfdt.a.p/fdt_strerror.c.o
[324/1557] Compiling C object subprojects/dtc/libfdt/libfdt.a.p/fdt_overlay.c.o
[325/1557] Compiling C object subprojects/dtc/libfdt/libfdt.a.p/fdt_wip.c.o
[326/1557] Compiling C object subprojects/dtc/libfdt/libfdt.a.p/fdt_rw.c.o
[327/1557] Compiling C object subprojects/dtc/libfdt/libfdt.a.p/fdt_sw.c.o
[328/1557] Compiling C object subprojects/dtc/libfdt/libfdt.a.p/fdt_ro.c.o
[329/1557] Compiling C object libqemuutil.a.p/meson-generated_.._qapi_qapi-types.c.o
[330/1557] Compiling C object libqemuutil.a.p/meson-generated_.._qapi_qapi-visit.c.o
[331/1557] Compiling C object libqemuutil.a.p/meson-generated_.._qapi_qapi-commands.c.o
[332/1557] Compiling C object libqemuutil.a.p/meson-generated_.._qapi_qapi-events.c.o
[333/1557] Compiling C object libqemuutil.a.p/meson-generated_.._qapi_qapi-init-commands.c.o
[334/1557] Compiling C object libqemuutil.a.p/meson-generated_.._qapi_qapi-emit-events.c.o
[335/1557] Compiling C object libqemuutil.a.p/meson-generated_.._qapi_qapi-builtin-types.c.o
[336/1557] Compiling C object libqemuutil.a.p/meson-generated_.._qapi_qapi-builtin-visit.c.o
[337/1557] Compiling C object libqemuutil.a.p/meson-generated_.._qapi_qapi-types-authz.c.o
[338/1557] Compiling C object libqemuutil.a.p/meson-generated_.._qapi_qapi-introspect.c.o
[339/1557] Compiling C object libqemuutil.a.p/meson-generated_.._qapi_qapi-visit-authz.c.o
[340/1557] Compiling C object libqemuutil.a.p/meson-generated_.._qapi_qapi-events-authz.c.o
[341/1557] Compiling C object libqemuutil.a.p/meson-generated_.._qapi_qapi-commands-authz.c.o
[342/1557] Compiling C object libqemuutil.a.p/meson-generated_.._qapi_qapi-types-block.c.o
[343/1557] Compiling C object libqemuutil.a.p/meson-generated_.._qapi_qapi-events-block.c.o
[344/1557] Compiling C object libqemuutil.a.p/meson-generated_.._qapi_qapi-visit-block.c.o
[345/1557] Compiling C object libqemuutil.a.p/meson-generated_.._qapi_qapi-commands-block.c.o
[346/1557] Compiling C object libqemuutil.a.p/meson-generated_.._qapi_qapi-types-block-core.c.o
[347/1557] Compiling C object libqemuutil.a.p/meson-generated_.._qapi_qapi-types-block-export.c.o
[348/1557] Compiling C object libqemuutil.a.p/meson-generated_.._qapi_qapi-events-block-core.c.o
[349/1557] Compiling C object libqemuutil.a.p/meson-generated_.._qapi_qapi-visit-block-export.c.o
[350/1557] Compiling C object libqemuutil.a.p/meson-generated_.._qapi_qapi-events-block-export.c.o
[351/1557] Compiling C object libqemuutil.a.p/meson-generated_.._qapi_qapi-types-char.c.o
[352/1557] Compiling C object libqemuutil.a.p/meson-generated_.._qapi_qapi-commands-block-core.c.o
[353/1557] Compiling C object libqemuutil.a.p/meson-generated_.._qapi_qapi-commands-block-export.c.o
[354/1557] Compiling C object libqemuutil.a.p/meson-generated_.._qapi_qapi-events-char.c.o
[355/1557] Compiling C object libqemuutil.a.p/meson-generated_.._qapi_qapi-types-common.c.o
[356/1557] Compiling C object libqemuutil.a.p/meson-generated_.._qapi_qapi-visit-char.c.o
[357/1557] Compiling C object libqemuutil.a.p/meson-generated_.._qapi_qapi-visit-common.c.o
[358/1557] Compiling C object libqemuutil.a.p/meson-generated_.._qapi_qapi-commands-char.c.o
[359/1557] Compiling C object libqemuutil.a.p/meson-generated_.._qapi_qapi-events-common.c.o
[360/1557] Compiling C object libqemuutil.a.p/meson-generated_.._qapi_qapi-visit-block-core.c.o
[361/1557] Compiling C object libqemuutil.a.p/meson-generated_.._qapi_qapi-commands-common.c.o
[362/1557] Compiling C object libqemuutil.a.p/meson-generated_.._qapi_qapi-types-compat.c.o
[363/1557] Compiling C object libqemuutil.a.p/meson-generated_.._qapi_qapi-events-compat.c.o
[364/1557] Compiling C object libqemuutil.a.p/meson-generated_.._qapi_qapi-visit-compat.c.o
[365/1557] Compiling C object libqemuutil.a.p/meson-generated_.._qapi_qapi-commands-compat.c.o
[366/1557] Compiling C object libqemuutil.a.p/meson-generated_.._qapi_qapi-events-control.c.o
[367/1557] Compiling C object libqemuutil.a.p/meson-generated_.._qapi_qapi-types-control.c.o
[368/1557] Compiling C object libqemuutil.a.p/meson-generated_.._qapi_qapi-visit-control.c.o
[369/1557] Compiling C object libqemuutil.a.p/meson-generated_.._qapi_qapi-types-crypto.c.o
[370/1557] Compiling C object libqemuutil.a.p/meson-generated_.._qapi_qapi-commands-control.c.o
[371/1557] Compiling C object libqemuutil.a.p/meson-generated_.._qapi_qapi-events-crypto.c.o
[372/1557] Compiling C object libqemuutil.a.p/meson-generated_.._qapi_qapi-commands-crypto.c.o
[373/1557] Compiling C object libqemuutil.a.p/meson-generated_.._qapi_qapi-visit-crypto.c.o
[374/1557] Compiling C object libqemuutil.a.p/meson-generated_.._qapi_qapi-types-cxl.c.o
[375/1557] Compiling C object libqemuutil.a.p/meson-generated_.._qapi_qapi-events-cxl.c.o
[376/1557] Compiling C object libqemuutil.a.p/meson-generated_.._qapi_qapi-visit-cxl.c.o
[377/1557] Compiling C object libqemuutil.a.p/meson-generated_.._qapi_qapi-types-dump.c.o
[378/1557] Compiling C object libqemuutil.a.p/meson-generated_.._qapi_qapi-visit-dump.c.o
[379/1557] Compiling C object libqemuutil.a.p/meson-generated_.._qapi_qapi-events-dump.c.o
[380/1557] Compiling C object libqemuutil.a.p/meson-generated_.._qapi_qapi-commands-dump.c.o
[381/1557] Compiling C object libqemuutil.a.p/meson-generated_.._qapi_qapi-types-ebpf.c.o
[382/1557] Compiling C object libqemuutil.a.p/meson-generated_.._qapi_qapi-commands-cxl.c.o
[383/1557] Compiling C object libqemuutil.a.p/meson-generated_.._qapi_qapi-visit-ebpf.c.o
[384/1557] Compiling C object libqemuutil.a.p/meson-generated_.._qapi_qapi-commands-ebpf.c.o
[385/1557] Compiling C object libqemuutil.a.p/meson-generated_.._qapi_qapi-events-ebpf.c.o
[386/1557] Compiling C object libqemuutil.a.p/meson-generated_.._qapi_qapi-types-error.c.o
[387/1557] Compiling C object libqemuutil.a.p/meson-generated_.._qapi_qapi-events-error.c.o
[388/1557] Compiling C object libqemuutil.a.p/meson-generated_.._qapi_qapi-visit-error.c.o
[389/1557] Compiling C object libqemuutil.a.p/meson-generated_.._qapi_qapi-commands-error.c.o
[390/1557] Compiling C object libqemuutil.a.p/meson-generated_.._qapi_qapi-types-introspect.c.o
[391/1557] Compiling C object libqemuutil.a.p/meson-generated_.._qapi_qapi-visit-introspect.c.o
[392/1557] Compiling C object libqemuutil.a.p/meson-generated_.._qapi_qapi-events-introspect.c.o
[393/1557] Compiling C object libqemuutil.a.p/meson-generated_.._qapi_qapi-types-job.c.o
[394/1557] Compiling C object libqemuutil.a.p/meson-generated_.._qapi_qapi-commands-introspect.c.o
[395/1557] Compiling C object libqemuutil.a.p/meson-generated_.._qapi_qapi-visit-job.c.o
[396/1557] Compiling C object libqemuutil.a.p/meson-generated_.._qapi_qapi-events-job.c.o
[397/1557] Compiling C object libqemuutil.a.p/meson-generated_.._qapi_qapi-types-machine-common.c.o
[398/1557] Compiling C object libqemuutil.a.p/meson-generated_.._qapi_qapi-events-machine-common.c.o
[399/1557] Compiling C object libqemuutil.a.p/meson-generated_.._qapi_qapi-visit-machine-common.c.o
[400/1557] Compiling C object libqemuutil.a.p/meson-generated_.._qapi_qapi-commands-job.c.o
[401/1557] Compiling C object libqemuutil.a.p/meson-generated_.._qapi_qapi-commands-machine-common.c.o
[402/1557] Compiling C object libqemuutil.a.p/meson-generated_.._qapi_qapi-types-machine.c.o
[403/1557] Compiling C object libqemuutil.a.p/meson-generated_.._qapi_qapi-events-machine.c.o
[404/1557] Compiling C object libqemuutil.a.p/meson-generated_.._qapi_qapi-types-machine-s390x.c.o
[405/1557] Compiling C object libqemuutil.a.p/meson-generated_.._qapi_qapi-visit-machine-s390x.c.o
[406/1557] Compiling C object libqemuutil.a.p/meson-generated_.._qapi_qapi-events-machine-s390x.c.o
[407/1557] Compiling C object libqemuutil.a.p/meson-generated_.._qapi_qapi-types-migration.c.o
[408/1557] Compiling C object libqemuutil.a.p/meson-generated_.._qapi_qapi-commands-machine-s390x.c.o
[409/1557] Compiling C object libqemuutil.a.p/meson-generated_.._qapi_qapi-visit-machine.c.o
[410/1557] Compiling C object libqemuutil.a.p/meson-generated_.._qapi_qapi-commands-machine.c.o
[411/1557] Compiling C object libqemuutil.a.p/meson-generated_.._qapi_qapi-events-migration.c.o
[412/1557] Compiling C object libqemuutil.a.p/meson-generated_.._qapi_qapi-types-misc.c.o
[413/1557] Compiling C object libqemuutil.a.p/meson-generated_.._qapi_qapi-events-misc.c.o
[414/1557] Compiling C object libqemuutil.a.p/meson-generated_.._qapi_qapi-visit-migration.c.o
[415/1557] Compiling C object libqemuutil.a.p/meson-generated_.._qapi_qapi-visit-misc.c.o
[416/1557] Compiling C object libqemuutil.a.p/meson-generated_.._qapi_qapi-commands-migration.c.o
[417/1557] Compiling C object libqemuutil.a.p/meson-generated_.._qapi_qapi-types-net.c.o
[418/1557] Compiling C object libqemuutil.a.p/meson-generated_.._qapi_qapi-events-net.c.o
[419/1557] Compiling C object libqemuutil.a.p/meson-generated_.._qapi_qapi-commands-misc.c.o
[420/1557] Compiling C object libqemuutil.a.p/meson-generated_.._qapi_qapi-commands-net.c.o
[421/1557] Compiling C object libqemuutil.a.p/meson-generated_.._qapi_qapi-types-pragma.c.o
[422/1557] Compiling C object libqemuutil.a.p/meson-generated_.._qapi_qapi-visit-net.c.o
[423/1557] Compiling C object libqemuutil.a.p/meson-generated_.._qapi_qapi-visit-pragma.c.o
[424/1557] Compiling C object libqemuutil.a.p/meson-generated_.._qapi_qapi-events-pragma.c.o
[425/1557] Compiling C object libqemuutil.a.p/meson-generated_.._qapi_qapi-commands-pragma.c.o
[426/1557] Compiling C object libqemuutil.a.p/meson-generated_.._qapi_qapi-types-qom.c.o
[427/1557] Compiling C object libqemuutil.a.p/meson-generated_.._qapi_qapi-types-replay.c.o
[428/1557] Compiling C object libqemuutil.a.p/meson-generated_.._qapi_qapi-events-qom.c.o
[429/1557] Compiling C object libqemuutil.a.p/meson-generated_.._qapi_qapi-visit-replay.c.o
[430/1557] Compiling C object libqemuutil.a.p/meson-generated_.._qapi_qapi-commands-qom.c.o
[431/1557] Compiling C object libqemuutil.a.p/meson-generated_.._qapi_qapi-events-replay.c.o
[432/1557] Compiling C object libqemuutil.a.p/meson-generated_.._qapi_qapi-visit-qom.c.o
[433/1557] Compiling C object libqemuutil.a.p/meson-generated_.._qapi_qapi-types-run-state.c.o
[434/1557] Compiling C object libqemuutil.a.p/meson-generated_.._qapi_qapi-commands-replay.c.o
[435/1557] Compiling C object libqemuutil.a.p/meson-generated_.._qapi_qapi-visit-run-state.c.o
[436/1557] Compiling C object libqemuutil.a.p/meson-generated_.._qapi_qapi-events-run-state.c.o
[437/1557] Compiling C object libqemuutil.a.p/meson-generated_.._qapi_qapi-commands-run-state.c.o
[438/1557] Compiling C object libqemuutil.a.p/meson-generated_.._qapi_qapi-types-sockets.c.o
[439/1557] Compiling C object libqemuutil.a.p/meson-generated_.._qapi_qapi-events-sockets.c.o
[440/1557] Compiling C object libqemuutil.a.p/meson-generated_.._qapi_qapi-visit-sockets.c.o
[441/1557] Compiling C object libqemuutil.a.p/meson-generated_.._qapi_qapi-commands-sockets.c.o
[442/1557] Compiling C object libqemuutil.a.p/meson-generated_.._qapi_qapi-types-stats.c.o
[443/1557] Compiling C object libqemuutil.a.p/meson-generated_.._qapi_qapi-events-stats.c.o
[444/1557] Compiling C object libqemuutil.a.p/meson-generated_.._qapi_qapi-visit-stats.c.o
[445/1557] Compiling C object libqemuutil.a.p/meson-generated_.._qapi_qapi-types-trace.c.o
[446/1557] Compiling C object libqemuutil.a.p/meson-generated_.._qapi_qapi-commands-stats.c.o
[447/1557] Compiling C object libqemuutil.a.p/meson-generated_.._qapi_qapi-visit-trace.c.o
[448/1557] Compiling C object libqemuutil.a.p/meson-generated_.._qapi_qapi-events-trace.c.o
[449/1557] Compiling C object libqemuutil.a.p/meson-generated_.._qapi_qapi-commands-trace.c.o
[450/1557] Compiling C object libqemuutil.a.p/meson-generated_.._qapi_qapi-events-transaction.c.o
[451/1557] Compiling C object libqemuutil.a.p/meson-generated_.._qapi_qapi-types-transaction.c.o
[452/1557] Compiling C object libqemuutil.a.p/meson-generated_.._qapi_qapi-types-vfio.c.o
[453/1557] Compiling C object libqemuutil.a.p/meson-generated_.._qapi_qapi-commands-transaction.c.o
[454/1557] Compiling C object libqemuutil.a.p/meson-generated_.._qapi_qapi-visit-transaction.c.o
[455/1557] Compiling C object libqemuutil.a.p/meson-generated_.._qapi_qapi-visit-vfio.c.o
[456/1557] Compiling C object libqemuutil.a.p/meson-generated_.._qapi_qapi-commands-vfio.c.o
[457/1557] Compiling C object libqemuutil.a.p/meson-generated_.._qapi_qapi-events-vfio.c.o
[458/1557] Compiling C object libqemuutil.a.p/meson-generated_.._qapi_qapi-types-virtio.c.o
[459/1557] Compiling C object libqemuutil.a.p/meson-generated_.._qapi_qapi-events-virtio.c.o
[460/1557] Compiling C object libqemuutil.a.p/meson-generated_.._qapi_qapi-visit-virtio.c.o
[461/1557] Compiling C object libqemuutil.a.p/meson-generated_.._qapi_qapi-commands-virtio.c.o
[462/1557] Compiling C object libqemuutil.a.p/meson-generated_.._qapi_qapi-types-yank.c.o
[463/1557] Compiling C object libqemuutil.a.p/meson-generated_.._qapi_qapi-events-yank.c.o
[464/1557] Compiling C object libqemuutil.a.p/meson-generated_.._qapi_qapi-visit-yank.c.o
[465/1557] Compiling C object libqemuutil.a.p/meson-generated_.._qapi_qapi-commands-yank.c.o
[466/1557] Compiling C object libqemuutil.a.p/meson-generated_.._qapi_qapi-types-accelerator.c.o
[467/1557] Compiling C object libqemuutil.a.p/meson-generated_.._qapi_qapi-events-accelerator.c.o
[468/1557] Compiling C object libqemuutil.a.p/meson-generated_.._qapi_qapi-visit-accelerator.c.o
[469/1557] Compiling C object libqemuutil.a.p/meson-generated_.._qapi_qapi-types-acpi.c.o
[470/1557] Compiling C object libqemuutil.a.p/meson-generated_.._qapi_qapi-commands-accelerator.c.o
[471/1557] Compiling C object libqemuutil.a.p/meson-generated_.._qapi_qapi-visit-acpi.c.o
[472/1557] Compiling C object libqemuutil.a.p/meson-generated_.._qapi_qapi-events-acpi.c.o
[473/1557] Compiling C object libqemuutil.a.p/meson-generated_.._qapi_qapi-types-acpi-hest.c.o
[474/1557] Compiling C object libqemuutil.a.p/meson-generated_.._qapi_qapi-visit-acpi-hest.c.o
[475/1557] Compiling C object libqemuutil.a.p/meson-generated_.._qapi_qapi-commands-acpi.c.o
[476/1557] Compiling C object libqemuutil.a.p/meson-generated_.._qapi_qapi-events-acpi-hest.c.o
[477/1557] Compiling C object libqemuutil.a.p/meson-generated_.._qapi_qapi-commands-acpi-hest.c.o
[478/1557] Compiling C object libqemuutil.a.p/meson-generated_.._qapi_qapi-types-audio.c.o
[479/1557] Compiling C object libqemuutil.a.p/meson-generated_.._qapi_qapi-events-audio.c.o
[480/1557] Compiling C object libqemuutil.a.p/meson-generated_.._qapi_qapi-types-cryptodev.c.o
[481/1557] Compiling C object libqemuutil.a.p/meson-generated_.._qapi_qapi-commands-audio.c.o
[482/1557] Compiling C object libqemuutil.a.p/meson-generated_.._qapi_qapi-visit-audio.c.o
[483/1557] Compiling C object libqemuutil.a.p/meson-generated_.._qapi_qapi-events-cryptodev.c.o
[484/1557] Compiling C object libqemuutil.a.p/meson-generated_.._qapi_qapi-visit-cryptodev.c.o
[485/1557] Compiling C object libqemuutil.a.p/meson-generated_.._qapi_qapi-commands-cryptodev.c.o
[486/1557] Compiling C object libqemuutil.a.p/meson-generated_.._qapi_qapi-types-qdev.c.o
[487/1557] Compiling C object libqemuutil.a.p/meson-generated_.._qapi_qapi-visit-qdev.c.o
[488/1557] Compiling C object libqemuutil.a.p/meson-generated_.._qapi_qapi-types-pci.c.o
[489/1557] Compiling C object libqemuutil.a.p/meson-generated_.._qapi_qapi-events-qdev.c.o
[490/1557] Compiling C object libqemuutil.a.p/meson-generated_.._qapi_qapi-commands-qdev.c.o
[491/1557] Compiling C object libqemuutil.a.p/meson-generated_.._qapi_qapi-visit-pci.c.o
[492/1557] Compiling C object libqemuutil.a.p/meson-generated_.._qapi_qapi-events-pci.c.o
[493/1557] Compiling C object libqemuutil.a.p/meson-generated_.._qapi_qapi-commands-pci.c.o
[494/1557] Compiling C object libqemuutil.a.p/meson-generated_.._qapi_qapi-types-rocker.c.o
[495/1557] Compiling C object libqemuutil.a.p/meson-generated_.._qapi_qapi-events-rocker.c.o
[496/1557] Compiling C object libqemuutil.a.p/meson-generated_.._qapi_qapi-visit-rocker.c.o
[497/1557] Compiling C object libqemuutil.a.p/meson-generated_.._qapi_qapi-types-misc-arm.c.o
[498/1557] Compiling C object libqemuutil.a.p/meson-generated_.._qapi_qapi-commands-rocker.c.o
[499/1557] Compiling C object libqemuutil.a.p/meson-generated_.._qapi_qapi-visit-misc-arm.c.o
[500/1557] Compiling C object libqemuutil.a.p/meson-generated_.._qapi_qapi-events-misc-arm.c.o
[501/1557] Compiling C object libqemuutil.a.p/meson-generated_.._qapi_qapi-types-misc-i386.c.o
[502/1557] Compiling C object libqemuutil.a.p/meson-generated_.._qapi_qapi-commands-misc-arm.c.o
[503/1557] Compiling C object libqemuutil.a.p/meson-generated_.._qapi_qapi-events-misc-i386.c.o
[504/1557] Compiling C object libqemuutil.a.p/meson-generated_.._qapi_qapi-visit-misc-i386.c.o
[505/1557] Compiling C object libqemuutil.a.p/meson-generated_.._qapi_qapi-types-tpm.c.o
[506/1557] Compiling C object libqemuutil.a.p/meson-generated_.._qapi_qapi-commands-misc-i386.c.o
[507/1557] Compiling C object libqemuutil.a.p/meson-generated_.._qapi_qapi-visit-tpm.c.o
[508/1557] Compiling C object libqemuutil.a.p/meson-generated_.._qapi_qapi-events-tpm.c.o
[509/1557] Compiling C object libqemuutil.a.p/meson-generated_.._qapi_qapi-commands-tpm.c.o
[510/1557] Compiling C object libqemuutil.a.p/meson-generated_.._qapi_qapi-types-uefi.c.o
[511/1557] Compiling C object libqemuutil.a.p/meson-generated_.._qapi_qapi-visit-uefi.c.o
[512/1557] Compiling C object libqemuutil.a.p/meson-generated_.._qapi_qapi-events-uefi.c.o
[513/1557] Compiling C object libqemuutil.a.p/meson-generated_.._qapi_qapi-commands-uefi.c.o
[514/1557] Compiling C object libqemuutil.a.p/meson-generated_.._qapi_qapi-types-ui.c.o
[515/1557] Compiling C object libqemuutil.a.p/meson-generated_.._qapi_qapi-events-ui.c.o
[516/1557] Compiling C object libqemuutil.a.p/meson-generated_.._trace_trace-root.c.o
[517/1557] Compiling C object libqemuutil.a.p/meson-generated_.._qapi_qapi-commands-ui.c.o
[518/1557] Compiling C object libqemuutil.a.p/meson-generated_.._trace_trace-crypto.c.o
[519/1557] Compiling C object libqemuutil.a.p/meson-generated_.._qapi_qapi-visit-ui.c.o
[520/1557] Compiling C object libqemuutil.a.p/meson-generated_.._trace_trace-qapi.c.o
[521/1557] Compiling C object libqemuutil.a.p/meson-generated_.._trace_trace-qom.c.o
[522/1557] Compiling C object libqemuutil.a.p/meson-generated_.._trace_trace-monitor.c.o
[523/1557] Compiling C object libqemuutil.a.p/meson-generated_.._trace_trace-gdbstub.c.o
[524/1557] Compiling C object libqemuutil.a.p/meson-generated_.._trace_trace-util.c.o
[525/1557] Compiling C object libqemuutil.a.p/meson-generated_.._trace_trace-tools_qemu_vnc.c.o
[526/1557] Compiling C object libqemuutil.a.p/meson-generated_.._trace_trace-authz.c.o
[527/1557] Compiling C object libqemuutil.a.p/meson-generated_.._trace_trace-block.c.o
[528/1557] Compiling C object libqemuutil.a.p/meson-generated_.._trace_trace-chardev.c.o
[529/1557] Compiling C object libqemuutil.a.p/meson-generated_.._trace_trace-io.c.o
[530/1557] Compiling C object libqemuutil.a.p/meson-generated_.._trace_trace-nbd.c.o
[531/1557] Compiling C object libqemuutil.a.p/meson-generated_.._trace_trace-scsi.c.o
[532/1557] Compiling C object libqemuutil.a.p/meson-generated_.._trace_trace-accel_hvf.c.o
[533/1557] Compiling C object libqemuutil.a.p/meson-generated_.._trace_trace-accel_kvm.c.o
[534/1557] Compiling C object libqemuutil.a.p/meson-generated_.._trace_trace-accel_mshv.c.o
[535/1557] Compiling C object libqemuutil.a.p/meson-generated_.._trace_trace-accel_nitro.c.o
[536/1557] Compiling C object libqemuutil.a.p/meson-generated_.._trace_trace-backends.c.o
[537/1557] Compiling C object libqemuutil.a.p/meson-generated_.._trace_trace-audio.c.o
[538/1557] Compiling C object libqemuutil.a.p/meson-generated_.._trace_trace-backends_tpm.c.o
[539/1557] Compiling C object libqemuutil.a.p/meson-generated_.._trace_trace-ebpf.c.o
[540/1557] Compiling C object libqemuutil.a.p/meson-generated_.._trace_trace-hw_9pfs.c.o
[541/1557] Compiling C object libqemuutil.a.p/meson-generated_.._trace_trace-hw_adc.c.o
[542/1557] Compiling C object libqemuutil.a.p/meson-generated_.._trace_trace-hw_alpha.c.o
[543/1557] Compiling C object libqemuutil.a.p/meson-generated_.._trace_trace-hw_acpi.c.o
[544/1557] Compiling C object libqemuutil.a.p/meson-generated_.._trace_trace-hw_arm.c.o
[545/1557] Compiling C object libqemuutil.a.p/meson-generated_.._trace_trace-hw_audio.c.o
[546/1557] Compiling C object libqemuutil.a.p/meson-generated_.._trace_trace-hw_block.c.o
[547/1557] Compiling C object libqemuutil.a.p/meson-generated_.._trace_trace-hw_dma.c.o
[548/1557] Compiling C object libqemuutil.a.p/meson-generated_.._trace_trace-hw_fsi.c.o
[549/1557] Compiling C object libqemuutil.a.p/meson-generated_.._trace_trace-hw_char.c.o
[550/1557] Compiling C object libqemuutil.a.p/meson-generated_.._trace_trace-hw_display.c.o
[551/1557] Compiling C object libqemuutil.a.p/meson-generated_.._trace_trace-hw_hexagon.c.o
[552/1557] Compiling C object libqemuutil.a.p/meson-generated_.._trace_trace-hw_hyperv.c.o
[553/1557] Compiling C object libqemuutil.a.p/meson-generated_.._trace_trace-hw_i2c.c.o
[554/1557] Compiling C object libqemuutil.a.p/meson-generated_.._trace_trace-hw_i3c.c.o
[555/1557] Compiling C object libqemuutil.a.p/meson-generated_.._trace_trace-hw_i386_xen.c.o
[556/1557] Compiling C object libqemuutil.a.p/meson-generated_.._trace_trace-hw_i386_kvm.c.o
[557/1557] Compiling C object libqemuutil.a.p/meson-generated_.._trace_trace-hw_i386.c.o
[558/1557] Compiling C object libqemuutil.a.p/meson-generated_.._trace_trace-hw_ide.c.o
[559/1557] Compiling C object libqemuutil.a.p/meson-generated_.._trace_trace-hw_mips.c.o
[560/1557] Compiling C object libqemuutil.a.p/meson-generated_.._trace_trace-hw_input.c.o
[561/1557] Compiling C object libqemuutil.a.p/meson-generated_.._trace_trace-hw_isa.c.o
[562/1557] Compiling C object libqemuutil.a.p/meson-generated_.._trace_trace-hw_mem.c.o
[563/1557] Compiling C object libqemuutil.a.p/meson-generated_.._trace_trace-hw_intc.c.o
[564/1557] Compiling C object libqemuutil.a.p/meson-generated_.._trace_trace-hw_misc.c.o
[565/1557] Compiling C object libqemuutil.a.p/meson-generated_.._trace_trace-hw_misc_macio.c.o
[566/1557] Compiling C object libqemuutil.a.p/meson-generated_.._trace_trace-hw_net_can.c.o
[567/1557] Compiling C object libqemuutil.a.p/meson-generated_.._trace_trace-hw_nitro.c.o
[568/1557] Compiling C object libqemuutil.a.p/meson-generated_.._trace_trace-hw_nubus.c.o
[569/1557] Compiling C object libqemuutil.a.p/meson-generated_.._trace_trace-hw_net.c.o
[570/1557] Compiling C object libqemuutil.a.p/meson-generated_.._trace_trace-hw_nvme.c.o
[571/1557] Compiling C object libqemuutil.a.p/meson-generated_.._trace_trace-hw_nvram.c.o
[572/1557] Compiling C object libqemuutil.a.p/meson-generated_.._trace_trace-hw_pci.c.o
[573/1557] Compiling C object libqemuutil.a.p/meson-generated_.._trace_trace-hw_pci_host.c.o
[574/1557] Compiling C object libqemuutil.a.p/meson-generated_.._trace_trace-hw_ppc.c.o
[575/1557] Compiling C object libqemuutil.a.p/meson-generated_.._trace_trace-hw_rtc.c.o
[576/1557] Compiling C object libqemuutil.a.p/meson-generated_.._trace_trace-hw_riscv.c.o
[577/1557] Compiling C object libqemuutil.a.p/meson-generated_.._trace_trace-hw_s390x.c.o
[578/1557] Compiling C object libqemuutil.a.p/meson-generated_.._trace_trace-hw_sd.c.o
[579/1557] Compiling C object libqemuutil.a.p/meson-generated_.._trace_trace-hw_sensor.c.o
[580/1557] Compiling C object libqemuutil.a.p/meson-generated_.._trace_trace-hw_sh4.c.o
[581/1557] Compiling C object libqemuutil.a.p/meson-generated_.._trace_trace-hw_scsi.c.o
[582/1557] Compiling C object libqemuutil.a.p/meson-generated_.._trace_trace-hw_sparc.c.o
[583/1557] Compiling C object libqemuutil.a.p/meson-generated_.._trace_trace-hw_sparc64.c.o
[584/1557] Compiling C object libqemuutil.a.p/meson-generated_.._trace_trace-hw_ssi.c.o
[585/1557] Compiling C object libqemuutil.a.p/meson-generated_.._trace_trace-hw_timer.c.o
[586/1557] Compiling C object libqemuutil.a.p/meson-generated_.._trace_trace-hw_tpm.c.o
[587/1557] Compiling C object libqemuutil.a.p/meson-generated_.._trace_trace-hw_uefi.c.o
[588/1557] Compiling C object libqemuutil.a.p/meson-generated_.._trace_trace-hw_ufs.c.o
[589/1557] Compiling C object libqemuutil.a.p/meson-generated_.._trace_trace-hw_vfio_user.c.o
[590/1557] Compiling C object libqemuutil.a.p/meson-generated_.._trace_trace-hw_vmapple.c.o
[591/1557] Compiling C object libqemuutil.a.p/meson-generated_.._trace_trace-hw_virtio.c.o
[592/1557] Compiling C object libqemuutil.a.p/meson-generated_.._trace_trace-hw_vfio.c.o
[593/1557] Compiling C object libqemuutil.a.p/meson-generated_.._trace_trace-hw_usb.c.o
[594/1557] Compiling C object libqemuutil.a.p/meson-generated_.._trace_trace-hw_watchdog.c.o
[595/1557] Compiling C object libqemuutil.a.p/meson-generated_.._trace_trace-net.c.o
[596/1557] Compiling C object libqemuutil.a.p/meson-generated_.._trace_trace-hw_gpio.c.o
[597/1557] Compiling C object libqemuutil.a.p/meson-generated_.._trace_trace-hw_xen.c.o
[598/1557] Compiling C object libqemuutil.a.p/meson-generated_.._trace_trace-replay.c.o
[599/1557] Compiling C object libqemuutil.a.p/meson-generated_.._trace_trace-migration.c.o
[600/1557] Compiling C object libqemuutil.a.p/meson-generated_.._trace_trace-system.c.o
[601/1557] Compiling C object libqemuutil.a.p/meson-generated_.._trace_trace-accel_tcg.c.o
[602/1557] Compiling C object libqemuutil.a.p/meson-generated_.._trace_trace-hw_remote.c.o
[603/1557] Compiling C object libqemuutil.a.p/meson-generated_.._trace_trace-hw_core.c.o
[604/1557] Compiling C object libqemuutil.a.p/meson-generated_.._trace_trace-target_arm.c.o
[605/1557] Compiling C object libqemuutil.a.p/meson-generated_.._trace_trace-ui.c.o
[606/1557] Compiling C object libqemuutil.a.p/meson-generated_.._trace_trace-target_arm_hvf.c.o
[607/1557] Compiling C object libqemuutil.a.p/meson-generated_.._trace_trace-target_arm_tcg.c.o
[608/1557] Compiling C object libqemuutil.a.p/meson-generated_.._trace_trace-target_i386_whpx.c.o
[609/1557] Compiling C object libqemuutil.a.p/meson-generated_.._trace_trace-target_hppa.c.o
[610/1557] Compiling C object libqemuutil.a.p/meson-generated_.._trace_trace-target_i386.c.o
[611/1557] Compiling C object libqemuutil.a.p/meson-generated_.._trace_trace-target_i386_kvm.c.o
[612/1557] Compiling C object libqemuutil.a.p/meson-generated_.._trace_trace-target_loongarch.c.o
[613/1557] Compiling C object libqemuutil.a.p/meson-generated_.._trace_trace-target_mips_tcg.c.o
[614/1557] Compiling C object libqemuutil.a.p/meson-generated_.._trace_trace-target_riscv.c.o
[615/1557] Compiling C object libqemuutil.a.p/meson-generated_.._trace_trace-target_ppc.c.o
[616/1557] Compiling C object libqemuutil.a.p/meson-generated_.._trace_trace-target_s390x.c.o
[617/1557] Compiling C object libqemuutil.a.p/meson-generated_.._trace_trace-target_s390x_kvm.c.o
[618/1557] Compiling C object libqemuutil.a.p/meson-generated_.._trace_trace-target_sparc.c.o
[619/1557] Compiling C object libqemuutil.a.p/meson-generated_.._trace_trace-qapi_commands_authz_trace_events.c.o
[620/1557] Compiling C object libqemuutil.a.p/meson-generated_.._trace_trace-qapi_commands_block_trace_events.c.o
[621/1557] Compiling C object libqemuutil.a.p/meson-generated_.._trace_trace-qapi_commands_block_export_trace_events.c.o
[622/1557] Compiling C object libqemuutil.a.p/meson-generated_.._trace_trace-qapi_commands_char_trace_events.c.o
[623/1557] Compiling C object libqemuutil.a.p/meson-generated_.._trace_trace-qapi_commands_block_core_trace_events.c.o
[624/1557] Compiling C object libqemuutil.a.p/meson-generated_.._trace_trace-qapi_commands_common_trace_events.c.o
[625/1557] Compiling C object libqemuutil.a.p/meson-generated_.._trace_trace-qapi_commands_control_trace_events.c.o
[626/1557] Compiling C object libqemuutil.a.p/meson-generated_.._trace_trace-qapi_commands_compat_trace_events.c.o
[627/1557] Compiling C object libqemuutil.a.p/meson-generated_.._trace_trace-qapi_commands_crypto_trace_events.c.o
[628/1557] Compiling C object libqemuutil.a.p/meson-generated_.._trace_trace-qapi_commands_cxl_trace_events.c.o
[629/1557] Compiling C object libqemuutil.a.p/meson-generated_.._trace_trace-qapi_commands_dump_trace_events.c.o
[630/1557] Compiling C object libqemuutil.a.p/meson-generated_.._trace_trace-qapi_commands_ebpf_trace_events.c.o
[631/1557] Compiling C object libqemuutil.a.p/meson-generated_.._trace_trace-qapi_commands_job_trace_events.c.o
[632/1557] Compiling C object libqemuutil.a.p/meson-generated_.._trace_trace-qapi_commands_error_trace_events.c.o
[633/1557] Compiling C object libqemuutil.a.p/meson-generated_.._trace_trace-qapi_commands_introspect_trace_events.c.o
[634/1557] Compiling C object libqemuutil.a.p/meson-generated_.._trace_trace-qapi_commands_machine_common_trace_events.c.o
[635/1557] Compiling C object libqemuutil.a.p/meson-generated_.._trace_trace-qapi_commands_machine_trace_events.c.o
[636/1557] Compiling C object libqemuutil.a.p/meson-generated_.._trace_trace-qapi_commands_machine_s390x_trace_events.c.o
[637/1557] Compiling C object libqemuutil.a.p/meson-generated_.._trace_trace-qapi_commands_net_trace_events.c.o
[638/1557] Compiling C object libqemuutil.a.p/meson-generated_.._trace_trace-qapi_commands_pragma_trace_events.c.o
[639/1557] Compiling C object libqemuutil.a.p/meson-generated_.._trace_trace-qapi_commands_qom_trace_events.c.o
[640/1557] Compiling C object libqemuutil.a.p/meson-generated_.._trace_trace-qapi_commands_migration_trace_events.c.o
[641/1557] Compiling C object libqemuutil.a.p/meson-generated_.._trace_trace-qapi_commands_misc_trace_events.c.o
[642/1557] Compiling C object libqemuutil.a.p/meson-generated_.._trace_trace-qapi_commands_replay_trace_events.c.o
[643/1557] Compiling C object libqemuutil.a.p/meson-generated_.._trace_trace-qapi_commands_stats_trace_events.c.o
[644/1557] Compiling C object libqemuutil.a.p/meson-generated_.._trace_trace-qapi_commands_run_state_trace_events.c.o
[645/1557] Compiling C object libqemuutil.a.p/meson-generated_.._trace_trace-qapi_commands_sockets_trace_events.c.o
[646/1557] Compiling C object libqemuutil.a.p/meson-generated_.._trace_trace-qapi_commands_trace_trace_events.c.o
[647/1557] Compiling C object libqemuutil.a.p/meson-generated_.._trace_trace-qapi_commands_transaction_trace_events.c.o
[648/1557] Compiling C object libqemuutil.a.p/meson-generated_.._trace_trace-qapi_commands_vfio_trace_events.c.o
[649/1557] Compiling C object libqemuutil.a.p/meson-generated_.._trace_trace-qapi_commands_acpi_hest_trace_events.c.o
[650/1557] Compiling C object libqemuutil.a.p/meson-generated_.._trace_trace-qapi_commands_virtio_trace_events.c.o
[651/1557] Compiling C object libqemuutil.a.p/meson-generated_.._trace_trace-qapi_commands_yank_trace_events.c.o
[652/1557] Compiling C object libqemuutil.a.p/meson-generated_.._trace_trace-qapi_commands_accelerator_trace_events.c.o
[653/1557] Compiling C object libqemuutil.a.p/meson-generated_.._trace_trace-qapi_commands_acpi_trace_events.c.o
[654/1557] Compiling C object libqemuutil.a.p/meson-generated_.._trace_trace-qapi_commands_audio_trace_events.c.o
[655/1557] Compiling C object libqemuutil.a.p/meson-generated_.._trace_trace-qapi_commands_qdev_trace_events.c.o
[656/1557] Compiling C object libqemuutil.a.p/meson-generated_.._trace_trace-qapi_commands_cryptodev_trace_events.c.o
[657/1557] Compiling C object libqemuutil.a.p/meson-generated_.._trace_trace-qapi_commands_pci_trace_events.c.o
[658/1557] Compiling C object libqemuutil.a.p/meson-generated_.._trace_trace-qapi_commands_rocker_trace_events.c.o
[659/1557] Compiling C object libqemuutil.a.p/meson-generated_.._trace_trace-qapi_commands_misc_arm_trace_events.c.o
[660/1557] Compiling C object libqemuutil.a.p/meson-generated_.._trace_trace-qapi_commands_misc_i386_trace_events.c.o
[661/1557] Compiling C object libqemuutil.a.p/meson-generated_.._trace_trace-qapi_commands_uefi_trace_events.c.o
[662/1557] Compiling C object libqemuutil.a.p/meson-generated_.._trace_trace-qapi_commands_tpm_trace_events.c.o
[663/1557] Compiling C object libqemuutil.a.p/meson-generated_.._trace_trace-qapi_commands_ui_trace_events.c.o
[664/1557] Compiling C object libqemuutil.a.p/qapi_qapi-clone-visitor.c.o
[665/1557] Compiling C object libqemuutil.a.p/qapi_opts-visitor.c.o
[666/1557] Compiling C object libqemuutil.a.p/qapi_qapi-dealloc-visitor.c.o
[667/1557] Compiling C object libqemuutil.a.p/qapi_qapi-util.c.o
[668/1557] Compiling C object libqemuutil.a.p/qapi_qapi-forward-visitor.c.o
[669/1557] Compiling C object libqemuutil.a.p/qapi_qobject-output-visitor.c.o
[670/1557] Compiling C object libqemuutil.a.p/qapi_string-input-visitor.c.o
[671/1557] Compiling C object libqemuutil.a.p/qapi_qapi-visit-core.c.o
[672/1557] Compiling C object libqemuutil.a.p/qapi_qobject-input-visitor.c.o
[673/1557] Compiling C object libqemuutil.a.p/qapi_qapi-type-helpers.c.o
[674/1557] Compiling C object libqemuutil.a.p/qapi_qmp-event.c.o
[675/1557] Compiling C object libqemuutil.a.p/qapi_string-output-visitor.c.o
[676/1557] Compiling C object libqemuutil.a.p/qobject_qnull.c.o
[677/1557] Compiling C object libqemuutil.a.p/qapi_qmp-registry.c.o
[678/1557] Compiling C object libqemuutil.a.p/qapi_qmp-dispatch.c.o
[679/1557] Compiling C object libqemuutil.a.p/qobject_qnum.c.o
[680/1557] Compiling C object libqemuutil.a.p/qobject_qstring.c.o
[681/1557] Compiling C object libqemuutil.a.p/qobject_qlist.c.o
[682/1557] Compiling C object libqemuutil.a.p/qobject_qbool.c.o
[683/1557] Compiling C object libqemuutil.a.p/qobject_qdict.c.o
[684/1557] Compiling C object libqemuutil.a.p/qobject_qlit.c.o
[685/1557] Compiling C object libqemuutil.a.p/qobject_qjson.c.o
[686/1557] Compiling C object libqemuutil.a.p/qobject_qobject.c.o
[687/1557] Compiling C object libqemuutil.a.p/qobject_json-writer.c.o
[688/1557] Compiling C object libqemuutil.a.p/qobject_json-streamer.c.o
[689/1557] Compiling C object libqemuutil.a.p/qobject_json-lexer.c.o
[690/1557] Compiling C object libqemuutil.a.p/qobject_json-parser.c.o
[691/1557] Compiling C object libqemuutil.a.p/util_qemu-timer-common.c.o
[692/1557] Compiling C object libqemuutil.a.p/qobject_block-qdict.c.o
[693/1557] Compiling C object libqemuutil.a.p/util_unicode.c.o
[694/1557] Compiling C object libqemuutil.a.p/util_osdep.c.o
[695/1557] Compiling C object libqemuutil.a.p/util_cutils.c.o
[696/1557] Compiling C object libqemuutil.a.p/util_compatfd.c.o
[697/1557] Compiling C object libqemuutil.a.p/util_thread-context.c.o
[698/1557] Compiling C object libqemuutil.a.p/util_fdmon-poll.c.o
[699/1557] Compiling C object libqemuutil.a.p/util_event_notifier-posix.c.o
[700/1557] Compiling C object libqemuutil.a.p/util_mmap-alloc.c.o
[701/1557] Compiling C object libqemuutil.a.p/util_aio-posix.c.o
[702/1557] Compiling C object libqemuutil.a.p/util_drm.c.o
[703/1557] Compiling C object libqemuutil.a.p/util_memfd.c.o
[704/1557] Compiling C object libqemuutil.a.p/util_qemu-thread-posix.c.o
[705/1557] Compiling C object libqemuutil.a.p/util_oslib-posix.c.o
[706/1557] Compiling C object libqemuutil.a.p/util_datadir.c.o
[707/1557] Compiling C object libqemuutil.a.p/util_path.c.o
[708/1557] Compiling C object libqemuutil.a.p/util_defer-call.c.o
[709/1557] Compiling C object libqemuutil.a.p/util_envlist.c.o
[710/1557] Compiling C object libqemuutil.a.p/util_module.c.o
[711/1557] Compiling C object libqemuutil.a.p/util_event.c.o
[712/1557] Compiling C object libqemuutil.a.p/util_hexdump.c.o
[713/1557] Compiling C object libqemuutil.a.p/util_bitops.c.o
[714/1557] Compiling C object libqemuutil.a.p/util_host-utils.c.o
[715/1557] Compiling C object libqemuutil.a.p/util_bitmap.c.o
[716/1557] Compiling C object libqemuutil.a.p/util_cacheflush.c.o
[717/1557] Compiling C object libqemuutil.a.p/util_fifo8.c.o
[718/1557] Compiling C object libqemuutil.a.p/util_error.c.o
[719/1557] Compiling C object libqemuutil.a.p/util_qemu-print.c.o
[720/1557] Compiling C object libqemuutil.a.p/util_notify.c.o
[721/1557] Compiling C object libqemuutil.a.p/util_error-report.c.o
[722/1557] Compiling C object libqemuutil.a.p/util_id.c.o
[723/1557] Compiling C object libqemuutil.a.p/util_qemu-config.c.o
[724/1557] Compiling C object libqemuutil.a.p/util_crc32.c.o
[725/1557] Compiling C object libqemuutil.a.p/util_qemu-progress.c.o
[726/1557] Compiling C object libqemuutil.a.p/util_crc32c.c.o
[727/1557] Compiling C object libqemuutil.a.p/util_uuid.c.o
[728/1557] Compiling C object libqemuutil.a.p/util_keyval.c.o
[729/1557] Compiling C object libqemuutil.a.p/util_qemu-option.c.o
[730/1557] Compiling C object libqemuutil.a.p/util_getauxval.c.o
[731/1557] Compiling C object libqemuutil.a.p/util_rcu.c.o
[732/1557] Compiling C object libqemuutil.a.p/util_log.c.o
[733/1557] Compiling C object libqemuutil.a.p/util_qdist.c.o
[734/1557] Compiling C object libqemuutil.a.p/util_range.c.o
[735/1557] Compiling C object libqemuutil.a.p/util_qht.c.o
[736/1557] Compiling C object libqemuutil.a.p/util_qsp.c.o
[737/1557] Compiling C object libqemuutil.a.p/util_reserved-region.c.o
[738/1557] Compiling C object libqemuutil.a.p/util_systemd.c.o
[739/1557] Compiling C object libqemuutil.a.p/util_transactions.c.o
[740/1557] Compiling C object libqemuutil.a.p/util_int128.c.o
[741/1557] Compiling C object libqemuutil.a.p/util_guest-random.c.o
[742/1557] Compiling C object libqemuutil.a.p/util_memalign.c.o
[743/1557] Compiling C object libqemuutil.a.p/util_lockcnt.c.o
[744/1557] Compiling C object libqemuutil.a.p/util_crc-ccitt.c.o
[745/1557] Compiling C object libqemuutil.a.p/util_interval-tree.c.o
[746/1557] Compiling C object libqemuutil.a.p/util_aiocb.c.o
[747/1557] Compiling C object libqemuutil.a.p/util_base64.c.o
[748/1557] Compiling C object libqemuutil.a.p/util_aio-wait.c.o
[749/1557] Compiling C object libqemuutil.a.p/util_async.c.o
[750/1557] Compiling C object libqemuutil.a.p/util_main-loop.c.o
[751/1557] Compiling C object libqemuutil.a.p/util_qemu-coroutine.c.o
[752/1557] Compiling C object libqemuutil.a.p/util_qemu-coroutine-lock.c.o
[753/1557] Compiling C object libqemuutil.a.p/util_qemu-coroutine-io.c.o
[754/1557] Compiling C object libqemuutil.a.p/util_coroutine-sigaltstack.c.o
[755/1557] Compiling C object libqemuutil.a.p/util_thread-pool.c.o
[756/1557] Compiling C object libqemuutil.a.p/util_buffer.c.o
[757/1557] Compiling C object libqemuutil.a.p/util_qemu-timer.c.o
[758/1557] Compiling C object libqemuutil.a.p/util_bufferiszero.c.o
[759/1557] Compiling C object libqemuutil.a.p/util_qemu-sockets.c.o
[760/1557] Compiling C object libqemuutil.a.p/util_hbitmap.c.o
[761/1557] Compiling C object libqemuutil.a.p/util_iova-tree.c.o
[762/1557] Compiling C object libqemuutil.a.p/util_nvdimm-utils.c.o
[763/1557] Compiling C object libqemuutil.a.p/util_block-helpers.c.o
[764/1557] Compiling C object libqemuutil.a.p/util_qemu-coroutine-sleep.c.o
[765/1557] Compiling C object libqemuutil.a.p/util_iov.c.o
[766/1557] Compiling C object libqemuutil.a.p/util_qemu-co-shared-resource.c.o
[767/1557] Compiling C object libqemuutil.a.p/util_qemu-co-timeout.c.o
[768/1557] Compiling C object libqemuutil.a.p/util_filemonitor-stub.c.o
[769/1557] Compiling C object libqemuutil.a.p/util_timed-average.c.o
[770/1557] Compiling C object libqemuutil.a.p/util_cpuinfo-aarch64.c.o
[771/1557] Compiling C object libqemuutil.a.p/util_readline.c.o
[772/1557] Compiling C object libqemuutil.a.p/util_yank.c.o
[773/1557] Compiling C object libqemuutil.a.p/util_throttle.c.o
[774/1557] Compiling C object libqemuutil.a.p/crypto_init.c.o
[775/1557] Compiling C object libqemuutil.a.p/crypto_sm4.c.o
[776/1557] Compiling C object libqemuutil.a.p/crypto_random-platform.c.o
[777/1557] Compiling C object libqemuutil.a.p/crypto_clmul.c.o
[778/1557] Compiling C object libqemuutil.a.p/trace_control.c.o
[779/1557] Compiling C object libqemuutil.a.p/stubs_cpu-get-clock.c.o
[780/1557] Compiling C object libqemuutil.a.p/trace_qmp.c.o
[781/1557] Compiling C object libqemuutil.a.p/crypto_aes.c.o
[782/1557] Compiling C object libqemuutil.a.p/stubs_fdset.c.o
[783/1557] Compiling C object libqemuutil.a.p/stubs_iothread-lock.c.o
[784/1557] Compiling C object libqemuutil.a.p/stubs_is-daemonized.c.o
[785/1557] Compiling C object libqemuutil.a.p/stubs_trace-control.c.o
[786/1557] Compiling C object libqemuutil.a.p/stubs_replay-mode.c.o
[787/1557] Compiling C object libqemuutil.a.p/stubs_monitor-core.c.o
[788/1557] Compiling C object libqemuutil.a.p/stubs_blk-exp-close-all.c.o
[789/1557] Compiling C object libqemuutil.a.p/stubs_bdrv-next-monitor-owned.c.o
[790/1557] Compiling C object libqemuutil.a.p/stubs_blk-commit-all.c.o
[791/1557] Compiling C object libqemuutil.a.p/stubs_change-state-handler.c.o
[792/1557] Compiling C object libqemuutil.a.p/stubs_get-vm-name.c.o
[793/1557] Compiling C object libqemuutil.a.p/stubs_blockdev-close-all-bdrv-states.c.o
[794/1557] Compiling C object libqemuutil.a.p/stubs_migr-blocker.c.o
[795/1557] Compiling C object libqemuutil.a.p/stubs_iothread-lock-block.c.o
[796/1557] Compiling C object libqemuutil.a.p/stubs_physmem.c.o
[797/1557] Compiling C object libqemuutil.a.p/stubs_ram-block.c.o
[798/1557] Compiling C object libqemuutil.a.p/stubs_runstate-check.c.o
[799/1557] Compiling C object libqemuutil.a.p/stubs_uuid.c.o
[800/1557] Compiling C object libqemuutil.a.p/stubs_cpus-virtual-clock.c.o
[801/1557] Compiling C object libqemuutil.a.p/stubs_icount.c.o
[802/1557] Compiling C object libqemuutil.a.p/stubs_graph-lock.c.o
[803/1557] Compiling C object libqemuutil.a.p/stubs_replay-tools.c.o
[804/1557] Compiling C object libqemuutil.a.p/stubs_qemu-timer-notify-cb.c.o
[805/1557] Compiling C object libqemuutil.a.p/stubs_monitor-internal.c.o
[806/1557] Compiling C object libqemuutil.a.p/stubs_qtest.c.o
[807/1557] Compiling C object libqemuutil.a.p/stubs_cpus-queue.c.o
[808/1557] Compiling C object libqemuutil.a.p/stubs_qmp-command-available.c.o
[809/1557] Compiling C object libqemuutil.a.p/stubs_async-run-on-cpu.c.o
[810/1557] Compiling C object libqemuutil.a.p/stubs_qmp-quit.c.o
[811/1557] Compiling C object libqemuutil.a.p/stubs_vm-stop.c.o
[812/1557] Compiling C object libqemuutil.a.p/stubs_dump.c.o
[813/1557] Compiling C object libqemuutil.a.p/stubs_vmstate.c.o
[814/1557] Compiling C object libqemuutil.a.p/stubs_cmos.c.o
[815/1557] Compiling C object libqemuutil.a.p/stubs_kvm.c.o
[816/1557] Compiling C object libqemuutil.a.p/stubs_win32-kbd-hook.c.o
[817/1557] Compiling C object libqemuutil.a.p/stubs_fw_cfg.c.o
[818/1557] Compiling C object libqemuutil.a.p/stubs_qmp-arm-gic.c.o
[819/1557] Compiling C object libqemuutil.a.p/stubs_qmp-i386-rtc.c.o
[820/1557] Compiling C object libqemuutil.a.p/stubs_qmp-i386-sev.c.o
[821/1557] Compiling C object libqemuutil.a.p/stubs_qmp-i386-sgx.c.o
[822/1557] Compiling C object libqemuutil.a.p/stubs_qmp-i386-xen.c.o
[823/1557] Compiling C object libqemuutil.a.p/stubs_xen-hw-stub.c.o
[824/1557] Compiling C object libqemuutil.a.p/stubs_qmp-cpu.c.o
[825/1557] Compiling C object libqemuutil.a.p/stubs_qmp-cpu-s390x-kvm.c.o
[826/1557] Compiling C object libqemuutil.a.p/stubs_qmp-cpu-s390x.c.o
[827/1557] Compiling C object libqemuutil.a.p/stubs_hmp-cmd-info_mem.c.o
[828/1557] Compiling C object libqemuutil.a.p/stubs_hmp-cmd-info_sev.c.o
[829/1557] Compiling C object libqemuutil.a.p/stubs_hmp-cmd-info_tlb.c.o
[830/1557] Compiling C object libqemuutil.a.p/stubs_replay.c.o
[831/1557] Compiling C object libqemuutil.a.p/stubs_hmp-cmds-hw-s390x.c.o
[832/1557] Compiling C object libqemuutil.a.p/stubs_hmp-cmds-target-i386.c.o
[833/1557] Compiling C object libqemuutil.a.p/stubs_sysbus.c.o
[834/1557] Compiling C object libqemuutil.a.p/stubs_hotplug-stubs.c.o
[835/1557] Compiling C object libqemuutil.a.p/semihosting_stubs-all.c.o
[836/1557] Compiling C object libqemuutil.a.p/semihosting_stubs-system.c.o
[837/1557] Compiling C object libqemuutil.a.p/semihosting_arm-compat-semi-stub.c.o
[838/1557] Compiling C object libqemuutil.a.p/fsdev_qemu-fsdev-dummy.c.o
[839/1557] Compiling C object libqemuutil.a.p/accel_stubs_hvf-stub.c.o
[840/1557] Compiling C object libqemuutil.a.p/accel_stubs_nitro-stub.c.o
[841/1557] Compiling C object libqemuutil.a.p/accel_stubs_nvmm-stub.c.o
[842/1557] Compiling C object libqemuutil.a.p/accel_stubs_kvm-stub.c.o
[843/1557] Compiling C object libqemuutil.a.p/accel_stubs_mshv-stub.c.o
[844/1557] Compiling C object libqemuutil.a.p/accel_stubs_whpx-stub.c.o
[845/1557] Compiling C object libqemuutil.a.p/accel_stubs_xen-stub.c.o
[846/1557] Compiling C object libqemuutil.a.p/migration_vfio-stub.c.o
[847/1557] Compiling C object libqemuutil.a.p/net_vhost-vdpa-stub.c.o
[848/1557] Compiling C object libqemuutil.a.p/net_vhost-user-stub.c.o
[849/1557] Compiling C object libqemuutil.a.p/hw_arm_smmuv3-accel-stubs.c.o
[850/1557] Compiling C object libqemuutil.a.p/hw_arm_tegra241-cmdqv-stubs.c.o
[851/1557] Compiling C object libqemuutil.a.p/hw_i386_sgx-hmp-stub.c.o
[852/1557] Compiling C object libqemuutil.a.p/hw_i386_kvm_xen-stubs.c.o
[853/1557] Compiling C object libqemuutil.a.p/hw_acpi_acpi-cpu-hotplug-stub.c.o
[854/1557] Compiling C object libqemuutil.a.p/hw_s390x_s390-pci-vfio-stubs.c.o
[855/1557] Compiling C object libqemuutil.a.p/hw_acpi_acpi-mem-hotplug-stub.c.o
[856/1557] Compiling C object libqemuutil.a.p/hw_acpi_acpi-nvdimm-stub.c.o
[857/1557] Compiling C object libqemuutil.a.p/hw_acpi_ghes-stub.c.o
[858/1557] Compiling C object libqemuutil.a.p/hw_acpi_cxl-stub.c.o
[859/1557] Compiling C object libqemuutil.a.p/hw_acpi_acpi-x86-stub.c.o
[860/1557] Compiling C object libqemuutil.a.p/hw_acpi_acpi-pci-hotplug-stub.c.o
[861/1557] Compiling C object libqemuutil.a.p/hw_acpi_wdat-ich9-stub.c.o
[862/1557] Compiling C object libqemuutil.a.p/hw_acpi_ipmi-stub.c.o
[863/1557] Compiling C object libqemuutil.a.p/hw_acpi_acpi-stub.c.o
[864/1557] Compiling C object libqemuutil.a.p/hw_acpi_aml-build-stub.c.o
[865/1557] Compiling C object libqemuutil.a.p/hw_acpi_ghes_cper_stub.c.o
[866/1557] Compiling C object libqemuutil.a.p/hw_acpi_pci-bridge-stub.c.o
[867/1557] Compiling C object libqemuutil.a.p/hw_acpi_wdat-gwdt-stub.c.o
[868/1557] Compiling C object libqemuutil.a.p/hw_display_ramfb-stubs.c.o
[869/1557] Compiling C object libqemuutil.a.p/hw_cxl_cxl-host-stubs.c.o
[870/1557] Compiling C object libqemuutil.a.p/hw_display_acpi-vga-stub.c.o
[871/1557] Compiling C object libqemuutil.a.p/hw_mem_cxl_type3_stubs.c.o
[872/1557] Compiling C object libqemuutil.a.p/hw_intc_arm_gicv3_hvf_stub.c.o
[873/1557] Compiling C object libqemuutil.a.p/hw_mem_memory-device-stubs.c.o
[874/1557] Compiling C object libqemuutil.a.p/hw_misc_mos6522-stub.c.o
[875/1557] Compiling C object libqemuutil.a.p/hw_net_rocker_rocker-stubs.c.o
[876/1557] Compiling C object libqemuutil.a.p/hw_net_vhost_net-stub.c.o
[877/1557] Compiling C object libqemuutil.a.p/hw_smbios_smbios_type_38-stub.c.o
[878/1557] Compiling C object libqemuutil.a.p/hw_smbios_smbios_legacy_stub.c.o
[879/1557] Compiling C object libqemuutil.a.p/hw_pci_pci-stub.c.o
[880/1557] Compiling C object libqemuutil.a.p/hw_smbios_smbios-stub.c.o
[881/1557] Compiling C object libqemuutil.a.p/hw_vfio_kvm-stubs.c.o
[882/1557] Compiling C object libqemuutil.a.p/hw_usb_bus-stub.c.o
[883/1557] Compiling C object libqemuutil.a.p/hw_vfio_iommufd-stubs.c.o
[884/1557] Compiling C object libqemuutil.a.p/hw_vfio_igd-stubs.c.o
[885/1557] Compiling C object libqemuutil.a.p/hw_virtio_vhost-stub.c.o
[886/1557] Compiling C object libqemuutil.a.p/hw_virtio_virtio-stub.c.o
[887/1557] Generating block/module_block.h with a custom command
[888/1557] Compiling C object libqemuutil.a.p/hw_virtio_vhost-user-stub.c.o
[889/1557] Generating block/block-gen.c with a custom command
[890/1557] Generating gdbstub/gdbstub-xml.c with a custom command (wrapped by meson to capture output)
[891/1557] Compiling C object libqemuutil.a.p/hw_virtio_virtio-md-stubs.c.o
[892/1557] Generating 'libcommon.a.p/decode-insns.c.inc'
[893/1557] Compiling C object libstubs_arm.a.p/target_arm_kvm-stub.c.o
[894/1557] Compiling C object libstubs_arm.a.p/target_arm_cpu32-stubs.c.o
[895/1557] Compiling C object libstubs_arm.a.p/target_arm_gicv5-stubs.c.o
[896/1557] Linking static target subprojects/dtc/libfdt/libfdt.a
[897/1557] Compiling C object libstubs_arm.a.p/target_arm_whpx_whpx-stub.c.o
[898/1557] Compiling C object libstubs_arm.a.p/target_arm_tcg-stubs.c.o
[899/1557] Compiling C object ui/libqemuui.a.p/clipboard.c.o
[900/1557] Compiling C object ui/libqemuui.a.p/dmabuf.c.o
[901/1557] Compiling C object ui/libqemuui.a.p/cursor.c.o
[902/1557] Compiling C object ui/libqemuui.a.p/display-surface.c.o
[903/1557] Compiling C object ui/libqemuui.a.p/input-keymap.c.o
[904/1557] Compiling C object ui/libqemuui.a.p/vgafont.c.o
[905/1557] Compiling C object ui/libqemuui.a.p/console.c.o
[906/1557] Compiling C object ui/libqemuui.a.p/kbd-state.c.o
[907/1557] Compiling C object ui/libqemuui.a.p/keymaps.c.o
[908/1557] Compiling C object ui/libqemuui.a.p/spice-module.c.o
[909/1557] Compiling C object ui/libqemuui.a.p/qemu-pixman.c.o
[910/1557] Compiling C object ui/libqemuui.a.p/cp437.c.o
[911/1557] Compiling C object libqom.a.p/qom_container.c.o
[912/1557] Compiling C object libqom.a.p/qom_qom-qobject.c.o
[913/1557] Compiling C object libqom.a.p/qom_compat-properties.c.o
[914/1557] Compiling C object libqom.a.p/qom_object_interfaces.c.o
[915/1557] Compiling C object ui/libqemuui.a.p/vt100.c.o
[916/1557] Compiling C object libevent-loop-base.a.p/event-loop-base.c.o
[917/1557] Compiling C object libauthz.a.p/authz_base.c.o
[918/1557] Linking static target libqemuutil.a
[919/1557] Compiling C object libauthz.a.p/authz_list.c.o
[920/1557] Compiling C object libqom.a.p/qom_object.c.o
[921/1557] Compiling C object libauthz.a.p/authz_simple.c.o
[922/1557] Compiling C object libauthz.a.p/authz_listfile.c.o
[923/1557] Compiling C object libcrypto.a.p/crypto_akcipher.c.o
[924/1557] Compiling C object libcrypto.a.p/crypto_afsplit.c.o
[925/1557] Compiling C object libcrypto.a.p/crypto_block-qcow.c.o
[926/1557] Compiling C object libcrypto.a.p/crypto_cipher.c.o
[927/1557] Compiling C object libcrypto.a.p/crypto_block.c.o
[928/1557] Compiling C object libcrypto.a.p/crypto_der.c.o
[929/1557] Compiling C object libcrypto.a.p/crypto_hash.c.o
[930/1557] Compiling C object libcrypto.a.p/crypto_block-luks.c.o
[931/1557] Compiling C object libcrypto.a.p/crypto_hmac.c.o
[932/1557] Compiling C object libcrypto.a.p/crypto_ivgen-essiv.c.o
[933/1557] Compiling C object libcrypto.a.p/crypto_ivgen-plain.c.o
[934/1557] Compiling C object libcrypto.a.p/crypto_ivgen-plain64.c.o
[935/1557] Compiling C object libcrypto.a.p/crypto_ivgen.c.o
[936/1557] Compiling C object libcrypto.a.p/crypto_pbkdf.c.o
[937/1557] Compiling C object libcrypto.a.p/crypto_secret_common.c.o
[938/1557] Compiling C object libcrypto.a.p/crypto_tlscreds.c.o
[939/1557] Compiling C object libcrypto.a.p/crypto_secret.c.o
[940/1557] Compiling C object libcrypto.a.p/crypto_tlscredsanon.c.o
[941/1557] Compiling C object libcrypto.a.p/crypto_tlscredspsk.c.o
[942/1557] Compiling C object libcrypto.a.p/crypto_tlssession.c.o
[943/1557] Compiling C object libcrypto.a.p/crypto_tlscredsx509.c.o
[944/1557] Compiling C object libcrypto.a.p/crypto_hash-glib.c.o
[945/1557] Compiling C object libcrypto.a.p/crypto_rsakey.c.o
[946/1557] Compiling C object libcrypto.a.p/crypto_pbkdf-stub.c.o
[947/1557] Compiling C object libcrypto.a.p/crypto_hmac-glib.c.o
[948/1557] Compiling C object libio.a.p/io_channel-null.c.o
[949/1557] Compiling C object libio.a.p/io_channel-buffer.c.o
[950/1557] Compiling C object libio.a.p/io_channel-file.c.o
[951/1557] Compiling C object libio.a.p/io_channel-command.c.o
[952/1557] Compiling C object libio.a.p/io_channel-tls.c.o
[953/1557] Compiling C object libio.a.p/io_channel-socket.c.o
[954/1557] Compiling C object libio.a.p/io_channel-util.c.o
[955/1557] Compiling C object libio.a.p/io_channel-watch.c.o
[956/1557] Compiling C object libio.a.p/io_channel.c.o
[957/1557] Compiling C object libio.a.p/io_dns-resolver.c.o
[958/1557] Compiling C object libio.a.p/io_channel-websock.c.o
[959/1557] Compiling C object libio.a.p/io_task.c.o
[960/1557] Compiling C object libio.a.p/io_net-listener.c.o
[961/1557] Compiling C object libmigration.a.p/migration_migration-stats.c.o
[962/1557] Compiling C object libmigration.a.p/migration_page_cache.c.o
[963/1557] Compiling C object libmigration.a.p/migration_xbzrle.c.o
[964/1557] Compiling C object libmigration.a.p/migration_yank_functions.c.o
[965/1557] Compiling C object libmigration.a.p/migration_vmstate-types.c.o
[966/1557] Compiling C object libmigration.a.p/migration_qemu-file.c.o
[967/1557] Compiling C object libmigration.a.p/migration_vmstate.c.o
[968/1557] Compiling C object libblock.a.p/meson-generated_.._block_block-gen.c.o
[969/1557] Compiling C object libblock.a.p/blockjob.c.o
[970/1557] Compiling C object libblock.a.p/job.c.o
[971/1557] Compiling C object libblock.a.p/nbd_client-connection.c.o
[972/1557] Compiling C object libblock.a.p/nbd_common.c.o
[973/1557] Compiling C object libblock.a.p/nbd_client.c.o
[974/1557] Compiling C object libblock.a.p/scsi_utils.c.o
[975/1557] Compiling C object libblock.a.p/qemu-io-cmds.c.o
[976/1557] Compiling C object libblock.a.p/scsi_pr-manager-stub.c.o
[977/1557] Compiling C object libblock.a.p/block_aio_task.c.o
[978/1557] Compiling C object libblock.a.p/block_accounting.c.o
[979/1557] Compiling C object libblock.a.p/block_amend.c.o
[980/1557] Compiling C object libblock.a.p/block_backup.c.o
[981/1557] Compiling C object libblock.a.p/block_blklogwrites.c.o
[982/1557] Compiling C object libblock.a.p/block_blkdebug.c.o
[983/1557] Compiling C object libblock.a.p/block_blkverify.c.o
[984/1557] Compiling C object libblock.a.p/block.c.o
[985/1557] Compiling C object libblock.a.p/block_commit.c.o
[986/1557] Compiling C object libblock.a.p/block_block-copy.c.o
[987/1557] Compiling C object libblock.a.p/block_copy-on-read.c.o
[988/1557] Compiling C object libblock.a.p/block_create.c.o
[989/1557] Compiling C object libblock.a.p/block_copy-before-write.c.o
[990/1557] Compiling C object libblock.a.p/block_block-backend.c.o
[991/1557] Compiling C object libblock.a.p/block_filter-compress.c.o
[992/1557] Compiling C object libblock.a.p/block_graph-lock.c.o
[993/1557] Compiling C object libblock.a.p/block_crypto.c.o
[994/1557] Compiling C object libblock.a.p/block_dirty-bitmap.c.o
[995/1557] Compiling C object libblock.a.p/block_progress_meter.c.o
[996/1557] Compiling C object libblock.a.p/block_null.c.o
[997/1557] Compiling C object libblock.a.p/block_preallocate.c.o
[998/1557] Compiling C object libblock.a.p/block_mirror.c.o
[999/1557] Compiling C object libblock.a.p/block_io.c.o
[1000/1557] Compiling C object libblock.a.p/block_nbd.c.o
[1001/1557] Compiling C object libblock.a.p/block_qapi.c.o
[1002/1557] Compiling C object libblock.a.p/block_qcow2-cache.c.o
[1003/1557] Compiling C object libblock.a.p/block_qcow2-bitmap.c.o
[1004/1557] Compiling C object libblock.a.p/block_qcow2-threads.c.o
[1005/1557] Compiling C object libblock.a.p/block_qcow2-snapshot.c.o
[1006/1557] Compiling C object libblock.a.p/block_qcow2-cluster.c.o
[1007/1557] Compiling C object libblock.a.p/block_reqlist.c.o
[1008/1557] Compiling C object libblock.a.p/block_qcow2.c.o
[1009/1557] Compiling C object libblock.a.p/block_raw-format.c.o
[1010/1557] Compiling C object libblock.a.p/block_quorum.c.o
[1011/1557] Compiling C object libblock.a.p/block_qcow2-refcount.c.o
[1012/1557] Compiling C object libblock.a.p/block_snapshot.c.o
[1013/1557] Compiling C object libblock.a.p/block_snapshot-access.c.o
[1014/1557] Compiling C object libblock.a.p/block_write-threshold.c.o
[1015/1557] Compiling C object libblock.a.p/block_throttle.c.o
[1016/1557] Compiling C object libblock.a.p/block_throttle-groups.c.o
[1017/1557] Compiling C object libblock.a.p/block_monitor_bitmap-qmp-cmds.c.o
[1018/1557] Compiling C object libblock.a.p/block_stream.c.o
[1019/1557] Compiling C object libblockdev.a.p/block_export_export.c.o
[1020/1557] Compiling C object libblock.a.p/block_file-posix.c.o
[1021/1557] Compiling C object libblockdev.a.p/job-qmp.c.o
[1022/1557] Compiling C object libblockdev.a.p/os-posix.c.o
[1023/1557] Compiling C object libblockdev.a.p/blockdev-nbd.c.o
[1024/1557] Compiling C object libblockdev.a.p/iothread.c.o
[1025/1557] Compiling C object libblockdev.a.p/nbd_server.c.o
[1026/1557] Compiling C object libblockdev.a.p/blockdev.c.o
[1027/1557] Compiling C object libqmp.a.p/qom_qom-qmp-cmds.c.o
[1028/1557] Compiling C object libqmp.a.p/monitor_qmp-cmds-control.c.o
[1029/1557] Compiling C object libqmp.a.p/monitor_qmp.c.o
[1030/1557] Compiling C object libqmp.a.p/monitor_monitor.c.o
[1031/1557] Compiling C object libchardev.a.p/chardev_char-file.c.o
[1032/1557] Compiling C object libchardev.a.p/chardev_char-fe.c.o
[1033/1557] Compiling C object libchardev.a.p/chardev_char-io.c.o
[1034/1557] Compiling C object libchardev.a.p/chardev_char-null.c.o
[1035/1557] Compiling C object libchardev.a.p/chardev_char-hub.c.o
[1036/1557] Compiling C object libchardev.a.p/chardev_char-mux.c.o
[1037/1557] Compiling C object libchardev.a.p/chardev_char-pipe.c.o
[1038/1557] Compiling C object libchardev.a.p/chardev_char-serial.c.o
[1039/1557] Compiling C object libchardev.a.p/chardev_char-ringbuf.c.o
[1040/1557] Compiling C object libchardev.a.p/chardev_char-stdio.c.o
[1041/1557] Compiling C object libchardev.a.p/chardev_char-udp.c.o
[1042/1557] Compiling C object libchardev.a.p/chardev_char-parallel.c.o
[1043/1557] Compiling C object libchardev.a.p/chardev_char-fd.c.o
[1044/1557] Compiling C object libchardev.a.p/chardev_char-socket.c.o
[1045/1557] Compiling C object libchardev.a.p/chardev_char-pty.c.o
[1046/1557] Compiling C object libhwcore.a.p/hw_core_bus.c.o
[1047/1557] Compiling C object libchardev.a.p/chardev_char.c.o
[1048/1557] Compiling C object libhwcore.a.p/hw_core_gpio.c.o
[1049/1557] Compiling C object libhwcore.a.p/hw_core_qdev-properties.c.o
[1050/1557] Compiling C object libhwcore.a.p/hw_core_vmstate-if.c.o
[1051/1557] Compiling C object libhwcore.a.p/hw_core_resetcontainer.c.o
[1052/1557] Compiling C object libhwcore.a.p/hw_core_resettable.c.o
[1053/1557] Compiling C object libhwcore.a.p/hw_core_irq.c.o
[1054/1557] Compiling C object libhwcore.a.p/hw_core_qdev.c.o
[1055/1557] Compiling C object libhwcore.a.p/hw_core_clock.c.o
[1056/1557] Compiling C object libhwcore.a.p/hw_core_qdev-clock.c.o
[1057/1557] Compiling C object libqemuaudio.a.p/audio_audio.c.o
[1058/1557] Compiling C object libqemuaudio.a.p/audio_audio-be.c.o
[1059/1557] Compiling C object libqemuaudio.a.p/audio_noaudio.c.o
[1060/1557] Compiling C object libqemuaudio.a.p/audio_wavaudio.c.o
[1061/1557] Compiling C object libsystem.a.p/trace_control-target.c.o
[1062/1557] Compiling C object libqemuaudio.a.p/audio_mixeng.c.o
[1063/1557] Compiling C object libqemuaudio.a.p/audio_sdlaudio.c.o
[1064/1557] Compiling C object libsystem.a.p/trace_trace-hmp-cmds.c.o
[1065/1557] Compiling C object libqemuaudio.a.p/audio_audio-mixeng-be.c.o
[1066/1557] Compiling C object libsystem.a.p/qom_qom-hmp-cmds.c.o
[1067/1557] Compiling C object libsystem.a.p/ui_input-barrier.c.o
[1068/1557] Compiling C object libsystem.a.p/ui_ui-qmp-cmds.c.o
[1069/1557] Compiling C object libsystem.a.p/ui_ui-hmp-cmds.c.o
[1070/1557] Compiling C object libsystem.a.p/ui_input.c.o
[1071/1557] Compiling C object libsystem.a.p/ui_console-vc.c.o
[1072/1557] Compiling C object libsystem.a.p/ui_util.c.o
[1073/1557] Compiling C object libsystem.a.p/ui_vnc-stubs.c.o
[1074/1557] Compiling C object libsystem.a.p/audio_wavcapture.c.o
[1075/1557] Compiling C object libsystem.a.p/audio_audio-hmp-cmds.c.o
[1076/1557] Compiling C object libsystem.a.p/chardev_msmouse.c.o
[1077/1557] Compiling C object libsystem.a.p/chardev_char-hmp-cmds.c.o
[1078/1557] Compiling C object libsystem.a.p/chardev_wctablet.c.o
[1079/1557] Compiling C object libsystem.a.p/fsdev_qemu-fsdev-opts.c.o
[1080/1557] Compiling C object libsystem.a.p/chardev_testdev.c.o
[1081/1557] Compiling C object libsystem.a.p/fsdev_qemu-fsdev-throttle.c.o
[1082/1557] Compiling C object libsystem.a.p/fsdev_9p-iov-marshal.c.o
[1083/1557] Compiling C object libsystem.a.p/fsdev_9p-marshal.c.o
[1084/1557] Compiling C object libsystem.a.p/fsdev_qemu-fsdev.c.o
[1085/1557] Compiling C object libsystem.a.p/dump_win_dump-stubs.c.o
[1086/1557] Compiling C object libsystem.a.p/dump_dump-hmp-cmds.c.o
[1087/1557] Compiling C object libsystem.a.p/accel_accel-system.c.o
[1088/1557] Compiling C object libsystem.a.p/accel_accel-blocker.c.o
[1089/1557] Compiling C object libsystem.a.p/accel_accel-qmp.c.o
[1090/1557] Compiling C object libsystem.a.p/accel_accel-irq.c.o
[1091/1557] Compiling C object libsystem.a.p/dump_dump.c.o
[1092/1557] Compiling C object libsystem.a.p/accel_dummy-cpus.c.o
[1093/1557] Compiling C object libsystem.a.p/accel_hvf_hvf-accel-ops.c.o
[1094/1557] Compiling C object libsystem.a.p/accel_hvf_hvf-all.c.o
[1095/1557] Compiling C object libsystem.a.p/backends_cryptodev-hmp-cmds.c.o
[1096/1557] Compiling C object libsystem.a.p/backends_cryptodev-builtin.c.o
[1097/1557] Compiling Objective-C object libsystem.a.p/ui_cocoa.m.o
[1098/1557] Compiling C object libsystem.a.p/backends_hostmem-ram.c.o
[1099/1557] Compiling C object libsystem.a.p/backends_cryptodev.c.o
[1100/1557] Compiling C object libsystem.a.p/backends_rng-builtin.c.o
[1101/1557] Compiling C object libsystem.a.p/backends_rng-egd.c.o
[1102/1557] Compiling C object libsystem.a.p/backends_hostmem.c.o
[1103/1557] Compiling C object libsystem.a.p/backends_confidential-guest-support.c.o
[1104/1557] Compiling C object libsystem.a.p/backends_rng.c.o
[1105/1557] Compiling C object libsystem.a.p/backends_rng-random.c.o
[1106/1557] Compiling C object libsystem.a.p/backends_hostmem-shm.c.o
[1107/1557] Compiling C object libsystem.a.p/backends_hostmem-file.c.o
[1108/1557] Compiling C object libsystem.a.p/backends_spdm-socket.c.o
[1109/1557] Compiling C object libsystem.a.p/backends_cryptodev-vhost.c.o
[1110/1557] Compiling C object libsystem.a.p/disas_disas-mon.c.o
[1111/1557] Compiling C object libsystem.a.p/migration_block-active.c.o
[1112/1557] Compiling C object libsystem.a.p/migration_channel.c.o
[1113/1557] Compiling C object libsystem.a.p/migration_channel-block.c.o
[1114/1557] Compiling C object libsystem.a.p/migration_block-dirty-bitmap.c.o
[1115/1557] Compiling C object libsystem.a.p/migration_cpr-transfer.c.o
[1116/1557] Compiling C object libsystem.a.p/migration_cpr.c.o
[1117/1557] Compiling C object libsystem.a.p/migration_cpr-exec.c.o
[1118/1557] Compiling C object libsystem.a.p/migration_cpu-throttle.c.o
[1119/1557] Compiling C object libsystem.a.p/migration_exec.c.o
[1120/1557] Compiling C object libsystem.a.p/migration_file.c.o
[1121/1557] Compiling C object libsystem.a.p/migration_fd.c.o
[1122/1557] Compiling C object libsystem.a.p/migration_dirtyrate.c.o
[1123/1557] Compiling C object libsystem.a.p/migration_global_state.c.o
[1124/1557] Compiling C object libsystem.a.p/migration_multifd-device-state.c.o
[1125/1557] Compiling C object libsystem.a.p/migration_multifd-nocomp.c.o
[1126/1557] Compiling C object libsystem.a.p/migration_multifd.c.o
[1127/1557] Compiling C object libsystem.a.p/migration_multifd-zero-page.c.o
[1128/1557] Compiling C object libsystem.a.p/migration_multifd-zlib.c.o
[1129/1557] Compiling C object libsystem.a.p/migration_migration.c.o
[1130/1557] Compiling C object libsystem.a.p/migration_options.c.o
[1131/1557] Compiling C object libsystem.a.p/migration_socket.c.o
[1132/1557] Compiling C object libsystem.a.p/migration_postcopy-ram.c.o
[1133/1557] Compiling C object libsystem.a.p/migration_colo-stubs.c.o
[1134/1557] Compiling C object libsystem.a.p/migration_tls.c.o
[1135/1557] Compiling C object libsystem.a.p/monitor_fds.c.o
[1136/1557] Compiling C object libsystem.a.p/migration_migration-hmp-cmds.c.o
[1137/1557] Compiling C object libsystem.a.p/migration_savevm.c.o
[1138/1557] Compiling C object libsystem.a.p/monitor_hmp-cmds.c.o
[1139/1557] Compiling C object libsystem.a.p/migration_ram.c.o
[1140/1557] Compiling C object libsystem.a.p/monitor_qemu-config-qmp.c.o
[1141/1557] Compiling C object libsystem.a.p/monitor_qmp-cmds.c.o
[1142/1557] Compiling C object libsystem.a.p/net_announce.c.o
[1143/1557] Compiling C object libsystem.a.p/net_checksum.c.o
[1144/1557] Compiling C object libsystem.a.p/monitor_hmp.c.o
[1145/1557] Compiling C object libsystem.a.p/net_dump.c.o
[1146/1557] Compiling C object libsystem.a.p/net_dgram.c.o
[1147/1557] Compiling C object libsystem.a.p/net_filter-buffer.c.o
[1148/1557] Compiling C object libsystem.a.p/net_eth.c.o
[1149/1557] Compiling C object libsystem.a.p/net_filter-mirror.c.o
[1150/1557] Compiling C object libsystem.a.p/net_net-hmp-cmds.c.o
[1151/1557] Compiling C object libsystem.a.p/net_filter.c.o
[1152/1557] Compiling C object libsystem.a.p/net_hub.c.o
[1153/1557] Compiling C object libsystem.a.p/net_queue.c.o
[1154/1557] Compiling C object libsystem.a.p/net_colo-stubs.c.o
[1155/1557] Compiling C object libsystem.a.p/net_socket.c.o
[1156/1557] Compiling C object libsystem.a.p/net_stream_data.c.o
[1157/1557] Compiling C object libsystem.a.p/net_stream.c.o
[1158/1557] Compiling C object libsystem.a.p/net_util.c.o
[1159/1557] Compiling C object libsystem.a.p/net_net.c.o
[1160/1557] Compiling C object libsystem.a.p/net_tap-bsd.c.o
[1161/1557] Compiling C object libsystem.a.p/net_can_can_core.c.o
[1162/1557] Compiling C object libsystem.a.p/net_can_can_host.c.o
[1163/1557] Compiling C object libsystem.a.p/replay_stubs-system.c.o
[1164/1557] Compiling C object libsystem.a.p/net_slirp.c.o
[1165/1557] Compiling C object libsystem.a.p/net_tap.c.o
[1166/1557] Compiling C object libsystem.a.p/ebpf_ebpf_rss-stub.c.o
[1167/1557] Compiling C object libsystem.a.p/stats_stats-qmp-cmds.c.o
[1168/1557] Compiling C object libsystem.a.p/stats_stats-hmp-cmds.c.o
[1169/1557] Compiling C object libsystem.a.p/hw_9pfs_9p-posix-acl.c.o
[1170/1557] Compiling C object libsystem.a.p/hw_9pfs_9p-util-generic.c.o
[1171/1557] Compiling C object libsystem.a.p/hw_9pfs_9p-xattr-user.c.o
[1172/1557] Compiling C object libsystem.a.p/hw_9pfs_9p-synth.c.o
[1173/1557] Compiling C object libsystem.a.p/hw_9pfs_9p-local.c.o
[1174/1557] Compiling C object libsystem.a.p/hw_9pfs_9p-xattr.c.o
[1175/1557] Compiling C object libsystem.a.p/hw_9pfs_codir.c.o
[1176/1557] Compiling C object libsystem.a.p/hw_9pfs_cofile.c.o
[1177/1557] Compiling C object libsystem.a.p/hw_9pfs_cofs.c.o
[1178/1557] Compiling C object libsystem.a.p/hw_9pfs_coth.c.o
[1179/1557] Compiling C object libsystem.a.p/hw_9pfs_coxattr.c.o
[1180/1557] Compiling C object libsystem.a.p/hw_9pfs_9p-util-darwin.c.o
[1181/1557] Compiling C object libsystem.a.p/hw_9pfs_virtio-9p-device.c.o
[1182/1557] Compiling C object libsystem.a.p/hw_acpi_bios-linker-loader.c.o
[1183/1557] Compiling C object libsystem.a.p/hw_acpi_utils.c.o
[1184/1557] Compiling C object libsystem.a.p/hw_acpi_core.c.o
[1185/1557] Compiling C object libsystem.a.p/hw_9pfs_9p.c.o
[1186/1557] Compiling C object libsystem.a.p/hw_acpi_memory_hotplug.c.o
[1187/1557] Compiling C object libsystem.a.p/hw_acpi_aml-build.c.o
[1188/1557] Compiling C object libsystem.a.p/hw_acpi_nvdimm.c.o
[1189/1557] Compiling C object libsystem.a.p/hw_acpi_pci.c.o
[1190/1557] Compiling C object libsystem.a.p/hw_acpi_cxl.c.o
[1191/1557] Compiling C object libsystem.a.p/hw_acpi_generic_event_device.c.o
[1192/1557] Compiling C object libsystem.a.p/hw_acpi_hmat.c.o
[1193/1557] Compiling C object libsystem.a.p/hw_acpi_pci-bridge.c.o
[1194/1557] Compiling C object libsystem.a.p/hw_acpi_ghes.c.o
[1195/1557] Compiling C object libsystem.a.p/hw_acpi_viot.c.o
[1196/1557] Compiling C object libsystem.a.p/hw_acpi_wdat-gwdt.c.o
[1197/1557] Compiling C object libsystem.a.p/hw_acpi_pcihp.c.o
[1198/1557] Compiling C object libsystem.a.p/hw_acpi_ghes_cper.c.o
[1199/1557] Compiling C object libsystem.a.p/hw_acpi_acpi-qmp-cmds.c.o
[1200/1557] Compiling C object libsystem.a.p/hw_acpi_acpi_interface.c.o
[1201/1557] Compiling C object libsystem.a.p/hw_acpi_erst.c.o
[1202/1557] Compiling C object libsystem.a.p/hw_audio_model.c.o
[1203/1557] Compiling C object libsystem.a.p/hw_audio_es1370.c.o
[1204/1557] Compiling C object libsystem.a.p/hw_audio_ac97.c.o
[1205/1557] Compiling C object libsystem.a.p/hw_audio_intel-hda.c.o
[1206/1557] Compiling C object libsystem.a.p/hw_audio_hda-codec.c.o
[1207/1557] Compiling C object libsystem.a.p/hw_audio_virtio-snd-pci.c.o
[1208/1557] Compiling C object libsystem.a.p/hw_audio_virtio-snd.c.o
[1209/1557] Compiling C object libsystem.a.p/hw_block_cdrom.c.o
[1210/1557] Compiling C object libsystem.a.p/hw_block_block.c.o
[1211/1557] Compiling C object libsystem.a.p/hw_block_hd-geometry.c.o
[1212/1557] Compiling C object libsystem.a.p/hw_block_virtio-blk-common.c.o
[1213/1557] Compiling C object libsystem.a.p/hw_block_pflash_cfi01.c.o
[1214/1557] Compiling C object libsystem.a.p/hw_char_ipoctal232.c.o
[1215/1557] Compiling C object libsystem.a.p/hw_char_pl011.c.o
[1216/1557] Compiling C object libsystem.a.p/hw_char_serial.c.o
[1217/1557] Compiling C object libsystem.a.p/hw_block_virtio-blk.c.o
[1218/1557] Compiling C object libsystem.a.p/hw_char_serial-pci.c.o
[1219/1557] Compiling C object libsystem.a.p/hw_char_virtio-console.c.o
[1220/1557] Compiling C object libsystem.a.p/hw_char_serial-pci-multi.c.o
[1221/1557] Compiling C object libsystem.a.p/hw_core_platform-bus.c.o
[1222/1557] Compiling C object libsystem.a.p/hw_core_generic-loader.c.o
[1223/1557] Compiling C object libsystem.a.p/hw_core_sysbus-fdt.c.o
[1224/1557] Compiling C object libsystem.a.p/hw_char_virtio-serial-bus.c.o
[1225/1557] Compiling C object libsystem.a.p/hw_core_fw-path-provider.c.o
[1226/1557] Compiling C object libsystem.a.p/hw_core_hotplug.c.o
[1227/1557] Compiling C object libsystem.a.p/hw_core_cpu-system.c.o
[1228/1557] Compiling C object libsystem.a.p/hw_core_machine-hmp-cmds.c.o
[1229/1557] Compiling C object libsystem.a.p/hw_core_nmi.c.o
[1230/1557] Compiling C object libsystem.a.p/hw_core_machine-qmp-cmds.c.o
[1231/1557] Compiling C object libsystem.a.p/hw_core_null-machine.c.o
[1232/1557] Compiling C object libsystem.a.p/hw_core_qdev-fw.c.o
[1233/1557] Compiling C object libsystem.a.p/hw_core_machine.c.o
[1234/1557] Compiling C object libsystem.a.p/hw_core_qdev-hotplug.c.o
[1235/1557] Compiling C object libsystem.a.p/hw_core_reset.c.o
[1236/1557] Compiling C object libsystem.a.p/hw_core_numa.c.o
[1237/1557] Compiling C object libsystem.a.p/hw_core_loader.c.o
[1238/1557] Compiling C object libsystem.a.p/hw_core_qdev-properties-system.c.o
[1239/1557] Compiling C object libsystem.a.p/hw_core_vm-change-state-handler.c.o
[1240/1557] Compiling C object libsystem.a.p/hw_core_sysbus.c.o
[1241/1557] Compiling C object libsystem.a.p/hw_core_clock-vmstate.c.o
[1242/1557] Compiling C object libsystem.a.p/hw_cpu_core.c.o
[1243/1557] Compiling C object libsystem.a.p/hw_cxl_cxl-device-utils.c.o
[1244/1557] Compiling C object libsystem.a.p/hw_cxl_cxl-component-utils.c.o
[1245/1557] Compiling C object libsystem.a.p/hw_cxl_cxl-cdat.c.o
[1246/1557] Compiling C object libsystem.a.p/hw_cxl_cxl-host.c.o
[1247/1557] Compiling C object libsystem.a.p/hw_display_i2c-ddc.c.o
[1248/1557] Compiling C object libsystem.a.p/hw_cxl_cxl-events.c.o
[1249/1557] Compiling C object libsystem.a.p/hw_cxl_switch-mailbox-cci.c.o
[1250/1557] Compiling C object libsystem.a.p/hw_display_edid-region.c.o
[1251/1557] Compiling C object libsystem.a.p/hw_display_edid-generate.c.o
[1252/1557] Compiling C object libsystem.a.p/hw_cxl_cxl-mailbox-utils.c.o
[1253/1557] Compiling C object libsystem.a.p/hw_display_ramfb.c.o
[1254/1557] Compiling C object libsystem.a.p/hw_display_ramfb-standalone.c.o
[1255/1557] Compiling C object libsystem.a.p/hw_display_vga-pci.c.o
[1256/1557] Compiling C object libsystem.a.p/hw_display_bochs-display.c.o
[1257/1557] Compiling C object libsystem.a.p/hw_display_virtio-dmabuf.c.o
[1258/1557] Compiling C object libsystem.a.p/hw_display_acpi-vga.c.o
[1259/1557] Compiling C object libsystem.a.p/hw_display_ati_dbg.c.o
[1260/1557] Compiling C object libsystem.a.p/hw_gpio_gpio_key.c.o
[1261/1557] Compiling C object libsystem.a.p/hw_display_ati_2d.c.o
[1262/1557] Compiling C object libsystem.a.p/hw_display_ati.c.o
[1263/1557] Compiling C object libsystem.a.p/hw_display_vga.c.o
[1264/1557] Compiling C object libsystem.a.p/hw_gpio_gpio_pwr.c.o
[1265/1557] Compiling C object libsystem.a.p/hw_hyperv_hv-balloon-stub.c.o
[1266/1557] Compiling C object libsystem.a.p/hw_gpio_pl061.c.o
[1267/1557] Compiling C object libsystem.a.p/hw_i2c_core.c.o
[1268/1557] Compiling C object libsystem.a.p/hw_i2c_bitbang_i2c.c.o
[1269/1557] Compiling C object libsystem.a.p/hw_ide_ich.c.o
[1270/1557] Compiling C object libsystem.a.p/hw_ide_ide-bus.c.o
[1271/1557] Compiling C object libsystem.a.p/hw_ide_cf.c.o
[1272/1557] Compiling C object libsystem.a.p/hw_ide_ahci.c.o
[1273/1557] Compiling C object libsystem.a.p/hw_ide_ide-dev.c.o
[1274/1557] Compiling C object libsystem.a.p/hw_input_hid.c.o
[1275/1557] Compiling C object libsystem.a.p/hw_ide_atapi.c.o
[1276/1557] Compiling C object libsystem.a.p/hw_input_virtio-input.c.o
[1277/1557] Compiling C object libsystem.a.p/hw_intc_intc.c.o
[1278/1557] Compiling C object libsystem.a.p/hw_input_virtio-input-hid.c.o
[1279/1557] Compiling C object libsystem.a.p/hw_ide_core.c.o
[1280/1557] Compiling C object libsystem.a.p/hw_intc_arm_gic_common.c.o
[1281/1557] Compiling C object libsystem.a.p/hw_intc_arm_gicv2m.c.o
[1282/1557] Compiling C object libsystem.a.p/hw_intc_arm_gicv3_common.c.o
[1283/1557] Compiling C object libsystem.a.p/hw_intc_arm_gicv3_its_common.c.o
[1284/1557] Compiling C object libsystem.a.p/hw_intc_arm_gicv3.c.o
[1285/1557] Compiling C object libsystem.a.p/hw_intc_arm_gic.c.o
[1286/1557] Compiling C object libsystem.a.p/hw_intc_arm_gicv3_dist.c.o
[1287/1557] Compiling C object libsystem.a.p/hw_intc_ioapic-stub.c.o
[1288/1557] Compiling C object libsystem.a.p/hw_ipack_ipack.c.o
[1289/1557] Compiling C object libsystem.a.p/hw_intc_arm_gicv3_redist.c.o
[1290/1557] Compiling C object libsystem.a.p/hw_intc_arm_gicv3_its.c.o
[1291/1557] Compiling C object libsystem.a.p/hw_ipack_tpci200.c.o
[1292/1557] Compiling C object libsystem.a.p/hw_mem_nvdimm.c.o
[1293/1557] Compiling C object libsystem.a.p/hw_mem_memory-device.c.o
[1294/1557] Compiling C object libsystem.a.p/hw_mem_pc-dimm.c.o
[1295/1557] Compiling C object libsystem.a.p/hw_display_cirrus_vga.c.o
[1296/1557] Compiling C object libsystem.a.p/hw_misc_edu.c.o
[1297/1557] Compiling C object libsystem.a.p/hw_misc_vmcoreinfo.c.o
[1298/1557] Compiling C object libsystem.a.p/hw_misc_pci-testdev.c.o
[1299/1557] Compiling C object libsystem.a.p/hw_mem_cxl_type3.c.o
[1300/1557] Compiling C object libsystem.a.p/hw_misc_pvpanic.c.o
[1301/1557] Compiling C object libsystem.a.p/hw_misc_iommu-testdev.c.o
[1302/1557] Compiling C object libsystem.a.p/hw_misc_pvpanic-pci.c.o
[1303/1557] Compiling C object libsystem.a.p/hw_misc_i2c-echo.c.o
[1304/1557] Compiling C object libsystem.a.p/hw_net_ne2000.c.o
[1305/1557] Compiling C object libsystem.a.p/hw_net_ne2000-pci.c.o
[1306/1557] Compiling C object libsystem.a.p/hw_net_pcnet-pci.c.o
[1307/1557] Compiling C object libsystem.a.p/hw_net_eepro100.c.o
[1308/1557] Compiling C object libsystem.a.p/hw_net_pcnet.c.o
[1309/1557] Compiling C object libsystem.a.p/hw_net_e1000x_common.c.o
[1310/1557] Compiling C object libsystem.a.p/hw_net_net_tx_pkt.c.o
[1311/1557] Compiling C object libsystem.a.p/hw_net_e1000.c.o
[1312/1557] Compiling C object libsystem.a.p/hw_net_net_rx_pkt.c.o
[1313/1557] Compiling C object libsystem.a.p/hw_net_e1000e.c.o
[1314/1557] Compiling C object libsystem.a.p/hw_net_igbvf.c.o
[1315/1557] Compiling C object libsystem.a.p/hw_net_igb.c.o
[1316/1557] Compiling C object libsystem.a.p/hw_net_rtl8139.c.o
[1317/1557] Compiling C object libsystem.a.p/hw_net_tulip.c.o
[1318/1557] Compiling C object libsystem.a.p/hw_net_e1000e_core.c.o
[1319/1557] Compiling C object libsystem.a.p/hw_net_vmxnet3.c.o
[1320/1557] Compiling C object libsystem.a.p/hw_net_rocker_rocker_desc.c.o
[1321/1557] Compiling C object libsystem.a.p/hw_net_igb_core.c.o
[1322/1557] Compiling C object libsystem.a.p/hw_net_rocker_rocker_fp.c.o
[1323/1557] Compiling C object libsystem.a.p/hw_net_rocker_rocker_world.c.o
[1324/1557] Compiling C object libsystem.a.p/hw_net_rocker_rocker.c.o
[1325/1557] Compiling C object libsystem.a.p/hw_net_rocker_rocker-hmp-cmds.c.o
[1326/1557] Compiling C object libsystem.a.p/hw_net_virtio-net.c.o
[1327/1557] Compiling C object libsystem.a.p/hw_net_rocker_rocker_of_dpa.c.o
[1328/1557] Compiling C object libsystem.a.p/hw_net_can_can_sja1000.c.o
[1329/1557] Compiling C object libsystem.a.p/hw_net_can_can_pcm3680_pci.c.o
[1330/1557] Compiling C object libsystem.a.p/hw_net_can_can_kvaser_pci.c.o
[1331/1557] Compiling C object libsystem.a.p/hw_net_can_ctucan_core.c.o
[1332/1557] Compiling C object libsystem.a.p/hw_net_can_can_mioe3680_pci.c.o
[1333/1557] Compiling C object libsystem.a.p/hw_net_can_ctucan_pci.c.o
[1334/1557] Compiling C object libsystem.a.p/hw_nvme_subsys.c.o
[1335/1557] Compiling C object libsystem.a.p/hw_nvme_nguid.c.o
[1336/1557] Compiling C object libsystem.a.p/hw_nvram_fw_cfg-interface.c.o
[1337/1557] Compiling C object libsystem.a.p/hw_nvme_dif.c.o
[1338/1557] Compiling C object libsystem.a.p/hw_nvme_ns.c.o
[1339/1557] Compiling C object libsystem.a.p/hw_nvram_eeprom93xx.c.o
[1340/1557] Compiling C object libsystem.a.p/hw_nvram_fw_cfg-acpi.c.o
[1341/1557] Compiling C object libsystem.a.p/hw_pci_pcie_host.c.o
[1342/1557] Compiling C object libsystem.a.p/hw_pci_pcie_port.c.o
[1343/1557] Compiling C object libsystem.a.p/hw_nvram_fw_cfg.c.o
[1344/1557] Compiling C object libsystem.a.p/hw_pci_msi.c.o
[1345/1557] Compiling C object libsystem.a.p/hw_pci_msix.c.o
[1346/1557] Compiling C object libsystem.a.p/hw_pci_pci_bridge.c.o
[1347/1557] Compiling C object libsystem.a.p/hw_pci_pci_host.c.o
[1348/1557] Compiling C object libsystem.a.p/hw_pci_pci-hmp-cmds.c.o
[1349/1557] Compiling C object libsystem.a.p/hw_pci_pci-qmp-cmds.c.o
[1350/1557] Compiling C object libsystem.a.p/hw_pci_pcie_sriov.c.o
[1351/1557] Compiling C object libsystem.a.p/hw_pci_slotid_cap.c.o
[1352/1557] Compiling C object libsystem.a.p/hw_pci_pci.c.o
[1353/1557] Compiling C object libsystem.a.p/hw_pci_shpc.c.o
[1354/1557] Compiling C object libsystem.a.p/hw_pci_pcie.c.o
[1355/1557] Compiling C object libsystem.a.p/hw_pci_pcie_doe.c.o
[1356/1557] Compiling C object libsystem.a.p/hw_pci-bridge_pci_bridge_dev.c.o
[1357/1557] Compiling C object libsystem.a.p/hw_pci_pcie_aer.c.o
[1358/1557] Compiling C object libsystem.a.p/hw_pci-bridge_i82801b11.c.o
[1359/1557] Compiling C object libsystem.a.p/hw_nvme_ctrl.c.o
[1360/1557] Compiling C object libsystem.a.p/hw_pci-bridge_ioh3420.c.o
[1361/1557] Compiling C object libsystem.a.p/hw_pci-bridge_gen_pcie_root_port.c.o
[1362/1557] Compiling C object libsystem.a.p/hw_pci-bridge_pcie_pci_bridge.c.o
[1363/1557] Compiling C object libsystem.a.p/hw_pci-bridge_pcie_root_port.c.o
[1364/1557] Compiling C object libsystem.a.p/hw_pci-bridge_xio3130_upstream.c.o
[1365/1557] Compiling C object libsystem.a.p/hw_pci-bridge_pci_expander_bridge.c.o
[1366/1557] Compiling C object libsystem.a.p/hw_pci-bridge_xio3130_downstream.c.o
[1367/1557] Compiling C object libsystem.a.p/hw_pci-bridge_cxl_downstream.c.o
[1368/1557] Compiling C object libsystem.a.p/hw_pci-bridge_cxl_root_port.c.o
[1369/1557] Compiling C object libsystem.a.p/hw_pci-host_gpex.c.o
[1370/1557] Compiling C object libsystem.a.p/hw_pci-bridge_cxl_upstream.c.o
[1371/1557] Compiling C object libsystem.a.p/hw_pci-host_gpex-acpi.c.o
[1372/1557] Compiling C object libsystem.a.p/hw_rtc_pl031.c.o
[1373/1557] Compiling C object libsystem.a.p/hw_scsi_emulation.c.o
[1374/1557] Compiling C object libsystem.a.p/hw_scsi_scsi-generic.c.o
[1375/1557] Compiling C object libsystem.a.p/hw_scsi_esp-pci.c.o
[1376/1557] Compiling C object libsystem.a.p/hw_scsi_scsi-bus.c.o
[1377/1557] Compiling C object libsystem.a.p/hw_scsi_esp.c.o
[1378/1557] Compiling C object libsystem.a.p/hw_scsi_scsi-disk.c.o
[1379/1557] Compiling C object libsystem.a.p/hw_scsi_mptendian.c.o
[1380/1557] Compiling C object libsystem.a.p/hw_scsi_lsi53c895a.c.o
[1381/1557] Compiling C object libsystem.a.p/hw_scsi_mptconfig.c.o
[1382/1557] Compiling C object libsystem.a.p/hw_scsi_mptsas.c.o
[1383/1557] Compiling C object libsystem.a.p/hw_scsi_megasas.c.o
[1384/1557] Compiling C object libsystem.a.p/hw_scsi_vmw_pvscsi.c.o
[1385/1557] Compiling C object libsystem.a.p/hw_scsi_virtio-scsi-dataplane.c.o
[1386/1557] Compiling C object libsystem.a.p/hw_sd_core.c.o
[1387/1557] Compiling C object libsystem.a.p/hw_sd_sdhci-pci.c.o
[1388/1557] Compiling C object libsystem.a.p/hw_uefi_hardware-info.c.o
[1389/1557] Compiling C object libsystem.a.p/hw_scsi_virtio-scsi.c.o
[1390/1557] Compiling C object libsystem.a.p/hw_sd_sdhci.c.o
[1391/1557] Compiling C object libsystem.a.p/hw_sd_sd.c.o
[1392/1557] Compiling C object libsystem.a.p/hw_smbios_smbios.c.o
[1393/1557] Compiling C object libsystem.a.p/hw_uefi_ovmf-log.c.o
[1394/1557] Compiling C object libsystem.a.p/hw_ufs_lu.c.o
[1395/1557] Compiling C object libsystem.a.p/hw_usb_combined-packet.c.o
[1396/1557] Compiling C object libsystem.a.p/hw_usb_bus.c.o
[1397/1557] Compiling C object libsystem.a.p/hw_usb_desc-msos.c.o
[1398/1557] Compiling C object libsystem.a.p/hw_usb_core.c.o
[1399/1557] Compiling C object libsystem.a.p/hw_usb_libhw.c.o
[1400/1557] Compiling C object libsystem.a.p/hw_usb_desc.c.o
[1401/1557] Compiling C object libsystem.a.p/hw_ufs_ufs.c.o
[1402/1557] Compiling C object libsystem.a.p/hw_usb_pcap.c.o
[1403/1557] Compiling C object libsystem.a.p/hw_usb_hcd-ohci-pci.c.o
[1404/1557] Compiling C object libsystem.a.p/hw_usb_hcd-ehci-pci.c.o
[1405/1557] Compiling C object libsystem.a.p/hw_usb_hcd-uhci.c.o
[1406/1557] Compiling C object libsystem.a.p/hw_usb_hcd-ohci.c.o
[1407/1557] Compiling C object libsystem.a.p/hw_usb_hcd-xhci-nec.c.o
[1408/1557] Compiling C object libsystem.a.p/hw_usb_hcd-xhci-pci.c.o
[1409/1557] Compiling C object libsystem.a.p/hw_usb_dev-hub.c.o
[1410/1557] Compiling C object libsystem.a.p/hw_usb_hcd-ehci.c.o
[1411/1557] Compiling C object libsystem.a.p/hw_usb_dev-hid.c.o
[1412/1557] Compiling C object libsystem.a.p/hw_usb_dev-wacom.c.o
[1413/1557] Compiling C object libsystem.a.p/hw_usb_hcd-xhci.c.o
[1414/1557] Compiling C object libsystem.a.p/hw_usb_dev-storage.c.o
[1415/1557] Compiling C object libsystem.a.p/hw_usb_dev-storage-bot.c.o
[1416/1557] Compiling C object libsystem.a.p/hw_usb_dev-storage-classic.c.o
[1417/1557] Compiling C object libsystem.a.p/hw_usb_dev-audio.c.o
[1418/1557] Compiling C object libsystem.a.p/hw_usb_dev-uas.c.o
[1419/1557] Compiling C object libsystem.a.p/hw_usb_dev-network.c.o
[1420/1557] Compiling C object libsystem.a.p/hw_usb_dev-serial.c.o
[1421/1557] Compiling C object libsystem.a.p/hw_usb_u2f.c.o
[1422/1557] Compiling C object libsystem.a.p/hw_usb_dev-smartcard-reader.c.o
[1423/1557] Compiling C object libsystem.a.p/hw_virtio_virtio-bus.c.o
[1424/1557] Compiling C object libsystem.a.p/hw_virtio_iothread-vq-mapping.c.o
[1425/1557] Compiling C object libsystem.a.p/hw_virtio_virtio-config-io.c.o
[1426/1557] Compiling C object libsystem.a.p/hw_usb_dev-mtp.c.o
[1427/1557] Compiling C object libsystem.a.p/hw_virtio_virtio-mmio.c.o
[1428/1557] Compiling C object libsystem.a.p/hw_virtio_virtio-crypto.c.o
[1429/1557] Compiling C object libsystem.a.p/hw_virtio_virtio-pci.c.o
[1430/1557] Compiling C object libsystem.a.p/hw_virtio_virtio-qmp.c.o
[1431/1557] Compiling C object libsystem.a.p/hw_virtio_virtio-iommu.c.o
[1432/1557] Compiling C object libsystem.a.p/hw_virtio_virtio-rng.c.o
[1433/1557] Compiling C object libsystem.a.p/hw_virtio_virtio-rtc.c.o
[1434/1557] Compiling C object libsystem.a.p/hw_virtio_virtio-crypto-pci.c.o
[1435/1557] Compiling C object libsystem.a.p/hw_virtio_virtio-rng-pci.c.o
[1436/1557] Compiling C object libsystem.a.p/hw_virtio_virtio-input-pci.c.o
[1437/1557] Compiling C object libsystem.a.p/hw_virtio_virtio-rtc-pci.c.o
[1438/1557] Compiling C object libsystem.a.p/hw_virtio_virtio-balloon.c.o
[1439/1557] Compiling C object libsystem.a.p/hw_virtio_virtio.c.o
[1440/1557] Compiling C object libsystem.a.p/hw_virtio_virtio-balloon-pci.c.o
[1441/1557] Compiling C object libsystem.a.p/hw_virtio_virtio-9p-pci.c.o
[1442/1557] Compiling C object libsystem.a.p/hw_virtio_virtio-scsi-pci.c.o
[1443/1557] Compiling C object libsystem.a.p/hw_virtio_virtio-blk-pci.c.o
[1444/1557] Compiling C object libsystem.a.p/hw_virtio_virtio-net-pci.c.o
[1445/1557] Compiling C object libsystem.a.p/hw_virtio_virtio-serial-pci.c.o
[1446/1557] Compiling C object libsystem.a.p/hw_virtio_virtio-acpi.c.o
[1447/1557] Compiling C object libsystem.a.p/hw_virtio_virtio-hmp-cmds.c.o
[1448/1557] Compiling C object libsystem.a.p/hw_virtio_virtio-iommu-pci.c.o
[1449/1557] Compiling C object libsystem.a.p/hw_watchdog_watchdog.c.o
[1450/1557] Compiling C object libsystem.a.p/hw_watchdog_sbsa_gwdt.c.o
[1451/1557] Compiling C object libsystem.a.p/hw_watchdog_wdt_i6300esb.c.o
[1452/1557] Compiling C object libsystem.a.p/hw_xen_xen_stubs.c.o
[1453/1557] Compiling C object libsystem.a.p/gdbstub_syscalls.c.o
[1454/1557] Compiling C object libsystem.a.p/block_block-ram-registrar.c.o
[1455/1557] Compiling C object libsystem.a.p/gdbstub_system.c.o
[1456/1557] Compiling C object libsystem.a.p/block_qapi-system.c.o
[1457/1557] Compiling C object libsystem.a.p/cpu-target.c.o
[1458/1557] Compiling C object libsystem.a.p/block_monitor_block-hmp-cmds.c.o
[1459/1557] Compiling C object libsystem.a.p/system_arch_init.c.o
[1460/1557] Compiling C object libsystem.a.p/system_balloon.c.o
[1461/1557] Compiling C object libsystem.a.p/gdbstub_gdbstub.c.o
[1462/1557] Compiling C object libsystem.a.p/system_bootdevice.c.o
[1463/1557] Compiling C object libsystem.a.p/system_cpu-timers.c.o
[1464/1557] Compiling C object libsystem.a.p/system_cpus.c.o
[1465/1557] Compiling C object libsystem.a.p/system_dirtylimit.c.o
[1466/1557] Compiling C object libsystem.a.p/system_exit-with-parent.c.o
[1467/1557] Compiling C object libsystem.a.p/system_dma-helpers.c.o
[1468/1557] Compiling C object libsystem.a.p/system_globals.c.o
[1469/1557] Compiling C object libsystem.a.p/system_vl.c.o
[1470/1557] Compiling C object libsystem.a.p/system_ram-block-attributes.c.o
[1471/1557] Compiling C object libsystem.a.p/system_ioport.c.o
[1472/1557] Compiling C object libsystem.a.p/system_ram-discard-manager.c.o
[1473/1557] Compiling C object libsystem.a.p/system_memory_mapping.c.o
[1474/1557] Compiling C object libsystem.a.p/system_runstate-action.c.o
[1475/1557] Compiling C object libsystem.a.p/system_rtc.c.o
[1476/1557] Compiling C object libsystem.a.p/system_qdev-monitor.c.o
[1477/1557] Compiling C object libsystem.a.p/system_qtest.c.o
[1478/1557] Compiling C object libsystem.a.p/system_runstate-hmp-cmds.c.o
[1479/1557] Compiling C object libsystem.a.p/system_watchpoint.c.o
[1480/1557] Compiling C object libsystem.a.p/system_tpm-hmp-cmds.c.o
[1481/1557] Compiling C object libsystem.a.p/system_runstate.c.o
[1482/1557] Compiling C object libsystem.a.p/system_device_tree.c.o
[1483/1557] Compiling C object libsystem.a.p/system_memory.c.o
[1484/1557] Compiling C object libsystem.a.p/page-vary-system.c.o
[1485/1557] Compiling C object libsystem.a.p/ui_shader.c.o
[1486/1557] Compiling C object libsystem.a.p/system_physmem.c.o
[1487/1557] Compiling C object libsystem.a.p/target-info-qom.c.o
[1488/1557] Compiling C object libsystem.a.p/ui_console-gl.c.o
[1489/1557] Compiling C object libsystem.a.p/ui_egl-context.c.o
[1490/1557] Compiling C object libsystem.a.p/ui_egl-helpers.c.o
[1491/1557] Compiling C object libsystem.a.p/ui_egl-headless.c.o
[1492/1557] Compiling C object libsystem.a.p/ui_sdl2-input.c.o
[1493/1557] Compiling C object libsystem.a.p/ui_sdl2-2d.c.o
[1494/1557] Compiling C object libsystem.a.p/accel_qtest_qtest.c.o
[1495/1557] Compiling C object libsystem.a.p/hw_display_virtio-gpu-base.c.o
[1496/1557] Compiling C object libsystem.a.p/ui_sdl2-gl.c.o
[1497/1557] Compiling C object libsystem.a.p/hw_display_virtio-gpu-udmabuf-stubs.c.o
[1498/1557] Compiling C object libsystem.a.p/ui_sdl2.c.o
[1499/1557] Compiling C object libsystem.a.p/hw_display_virtio-gpu-gl.c.o
[1500/1557] Compiling C object libsystem.a.p/hw_display_virtio-gpu-pci.c.o
[1501/1557] Compiling C object libsystem.a.p/hw_uefi_var-service-pcap.c.o
[1502/1557] Compiling C object libsystem.a.p/hw_uefi_var-service-core.c.o
[1503/1557] Compiling C object libsystem.a.p/hw_display_virtio-gpu-pci-gl.c.o
[1504/1557] Compiling C object libsystem.a.p/hw_display_virtio-gpu.c.o
[1505/1557] Compiling C object libsystem.a.p/hw_display_virtio-gpu-virgl.c.o
../hw/display/virtio-gpu-virgl.c:596:15: warning: variable 'd3d_tex2d' set but not used [-Wunused-but-set-variable]
  596 |         void *d3d_tex2d = NULL;
      |               ^
1 warning generated.
[1506/1557] Compiling C object libsystem.a.p/hw_uefi_var-service-guid.c.o
[1507/1557] Compiling C object libsystem.a.p/hw_uefi_var-service-auth.c.o
[1508/1557] Compiling C object libsystem.a.p/hw_uefi_var-service-json.c.o
[1509/1557] Compiling C object libsystem.a.p/hw_uefi_var-service-vars.c.o
[1510/1557] Compiling C object libsystem.a.p/hw_uefi_var-service-utils.c.o
[1511/1557] Compiling C object libsystem.a.p/hw_uefi_var-service-sysbus.c.o
[1512/1557] Compiling C object libsystem.a.p/hw_uefi_var-service-policy.c.o
[1513/1557] Compiling C object libsystem.a.p/hw_uefi_var-service-pkcs7-stub.c.o
[1514/1557] Compiling C object libsystem.a.p/hw_uefi_var-service-siglist.c.o
[1515/1557] Compiling C object libcommon.a.p/meson-generated_.._gdbstub_gdbstub-xml.c.o
[1516/1557] Compiling C object libcommon.a.p/accel_accel-common.c.o
[1517/1557] Compiling C object libcommon.a.p/disas_disas-common.c.o
[1518/1557] Compiling C object libcommon.a.p/hw_core_cpu-common.c.o
[1519/1557] Compiling C object libcommon.a.p/cpu-common.c.o
[1520/1557] Compiling C object libcommon.a.p/page-vary-common.c.o
[1521/1557] Compiling C object libcommon.a.p/hw_core_machine-smp.c.o
[1522/1557] Compiling C object libcommon.a.p/target-info.c.o
[1523/1557] Compiling C object libsystem.a.p/hw_usb_host-libusb.c.o
[1524/1557] Compiling C object libcommon_arm.a.p/target_arm_mmuidx.c.o
[1525/1557] Compiling C object libsystem_arm.a.p/target_arm_gdbstub.c.o
[1526/1557] Compiling C object libsystem_arm.a.p/target_arm_arm-qmp-cmds.c.o
[1527/1557] Compiling C object libsystem_arm.a.p/target_arm_arch_dump.c.o
[1528/1557] Compiling C object libsystem_arm.a.p/target_arm_cortex-regs.c.o
[1529/1557] Compiling C object libsystem_arm.a.p/target_arm_arm-powerctl.c.o
[1530/1557] Compiling C object libsystem_arm.a.p/target_arm_cpu-irq.c.o
[1531/1557] Compiling C object libsystem_arm.a.p/target_arm_cpregs-omap.c.o
[1532/1557] Compiling C object libsystem_arm.a.p/target_arm_cpu.c.o
[1533/1557] Compiling C object libsystem_arm.a.p/target_arm_cpregs-gcs.c.o
[1534/1557] Compiling C object libsystem_arm.a.p/target_arm_machine.c.o
[1535/1557] Compiling C object libsystem_arm.a.p/target_arm_cpu-max.c.o
[1536/1557] Compiling C object libsystem_arm.a.p/target_arm_debug_helper.c.o
[1537/1557] Compiling C object libsystem_arm.a.p/target_arm_cpregs-pmu.c.o
[1538/1557] Compiling C object libsystem_arm.a.p/target_arm_vfp_fpscr.c.o
[1539/1557] Compiling C object libsystem_arm.a.p/target_arm_ptw.c.o
[1540/1557] Compiling C object libsystem_arm.a.p/target_arm_gdbstub64.c.o
[1541/1557] Compiling C object libsystem_arm.a.p/hw_arm_smmu-common.c.o
[1542/1557] Compiling C object libsystem_arm.a.p/hw_arm_virt-acpi-build.c.o
[1543/1557] Compiling C object libsystem_arm.a.p/hw_arm_smmuv3.c.o
[1544/1557] Compiling C object libsystem_arm.a.p/hw_arm_boot.c.o
[1545/1557] Linking static target libstubs_arm.a
[1546/1557] Compiling C object libsystem_arm.a.p/hw_intc_arm_gicv3_cpuif_common.c.o
[1547/1557] Compiling C object libqemu-aarch64-softmmu.a.p/target_arm_hyp_gdbstub.c.o
[1548/1557] Compiling C object libsystem_arm.a.p/hw_arm_virt.c.o
[1549/1557] Compiling C object libqemu-aarch64-softmmu.a.p/configs_targets_aarch64-softmmu.c.o
[1550/1557] Compiling C object libsystem_arm.a.p/hw_intc_arm_gicv3_cpuif.c.o
[1551/1557] Compiling C object libqemu-aarch64-softmmu.a.p/target_arm_cpu64.c.o
[1552/1557] Compiling C object libqemu-aarch64-softmmu.a.p/hw_intc_arm_gicv3_hvf.c.o
[1553/1557] Compiling C object qemu-system-aarch64-unsigned.p/system_main.c.o
[1554/1557] Compiling C object libqemu-aarch64-softmmu.a.p/target_arm_hvf_hvf.c.o
[1555/1557] Compiling C object libsystem_arm.a.p/target_arm_helper.c.o
[1556/1557] Linking target qemu-system-aarch64-unsigned
[1557/1557] Generating qemu-system-aarch64 with a custom command
qemu-system-aarch64.tmp: replacing existing signature
[qemu-source-build] Relocating, capability-gating, signing, and publishing the runtime
[qemu-gpu-runtime] Using cached ANGLE 1.0.16
[qemu-gpu-runtime] Using cached libepoxy 1.0.5
[qemu-gpu-runtime] Using cached pinned arm64_sequoia glib 2.88.3 bottle
[qemu-gpu-runtime] Using cached pinned arm64_sequoia pixman 0.46.4 bottle
[qemu-gpu-runtime] Using cached pinned arm64_sequoia libslirp 4.9.4 bottle
[qemu-gpu-runtime] Using cached pinned arm64_sequoia libusb 1.0.30 bottle
[qemu-gpu-runtime] Using cached pinned arm64_sequoia sdl2-compat 2.32.70 bottle
[qemu-gpu-runtime] Using cached pinned arm64_sequoia sdl3 3.4.14 bottle
[qemu-gpu-runtime] Using cached pinned arm64_sequoia gettext 1.0 bottle
[qemu-gpu-runtime] Using cached pinned arm64_sequoia pcre2 10.47_1 bottle
[qemu-gpu-runtime] Using cached pinned arm64_sequoia zstd 1.5.7_1 bottle
[qemu-gpu-runtime] Using cached pinned arm64_sequoia lz4 1.10.0 bottle
[qemu-gpu-runtime] Using cached pinned arm64_sequoia xz 5.8.3 bottle
[qemu-gpu-runtime] Relocating the complete pinned runtime closure
/Library/Developer/CommandLineTools/usr/bin/install_name_tool: warning: changes being made to the file will invalidate the code signature in: /Users/gillesgoetsch/omacvm-app/runtime/.build/tmp/omarchy-qemu-gpu-runtime.SbRFfA/runtime/bin/qemu-system-aarch64
/Library/Developer/CommandLineTools/usr/bin/install_name_tool: warning: changes being made to the file will invalidate the code signature in: /Users/gillesgoetsch/omacvm-app/runtime/.build/tmp/omarchy-qemu-gpu-runtime.SbRFfA/runtime/bin/qemu-system-aarch64
/Library/Developer/CommandLineTools/usr/bin/install_name_tool: warning: changes being made to the file will invalidate the code signature in: /Users/gillesgoetsch/omacvm-app/runtime/.build/tmp/omarchy-qemu-gpu-runtime.SbRFfA/runtime/bin/qemu-system-aarch64
/Library/Developer/CommandLineTools/usr/bin/install_name_tool: warning: changes being made to the file will invalidate the code signature in: /Users/gillesgoetsch/omacvm-app/runtime/.build/tmp/omarchy-qemu-gpu-runtime.SbRFfA/runtime/bin/qemu-system-aarch64
/Library/Developer/CommandLineTools/usr/bin/install_name_tool: warning: changes being made to the file will invalidate the code signature in: /Users/gillesgoetsch/omacvm-app/runtime/.build/tmp/omarchy-qemu-gpu-runtime.SbRFfA/runtime/bin/qemu-system-aarch64
/Library/Developer/CommandLineTools/usr/bin/install_name_tool: warning: changes being made to the file will invalidate the code signature in: /Users/gillesgoetsch/omacvm-app/runtime/.build/tmp/omarchy-qemu-gpu-runtime.SbRFfA/runtime/bin/qemu-system-aarch64
/Library/Developer/CommandLineTools/usr/bin/install_name_tool: warning: changes being made to the file will invalidate the code signature in: /Users/gillesgoetsch/omacvm-app/runtime/.build/tmp/omarchy-qemu-gpu-runtime.SbRFfA/runtime/bin/qemu-system-aarch64
/Library/Developer/CommandLineTools/usr/bin/install_name_tool: warning: changes being made to the file will invalidate the code signature in: /Users/gillesgoetsch/omacvm-app/runtime/.build/tmp/omarchy-qemu-gpu-runtime.SbRFfA/runtime/bin/qemu-system-aarch64
/Library/Developer/CommandLineTools/usr/bin/install_name_tool: warning: changes being made to the file will invalidate the code signature in: /Users/gillesgoetsch/omacvm-app/runtime/.build/tmp/omarchy-qemu-gpu-runtime.SbRFfA/runtime/bin/qemu-system-aarch64
/Library/Developer/CommandLineTools/usr/bin/install_name_tool: warning: changes being made to the file will invalidate the code signature in: /Users/gillesgoetsch/omacvm-app/runtime/.build/tmp/omarchy-qemu-gpu-runtime.SbRFfA/runtime/bin/qemu-system-aarch64
/Library/Developer/CommandLineTools/usr/bin/install_name_tool: warning: changes being made to the file will invalidate the code signature in: /Users/gillesgoetsch/omacvm-app/runtime/.build/tmp/omarchy-qemu-gpu-runtime.SbRFfA/runtime/bin/qemu-system-aarch64
/Library/Developer/CommandLineTools/usr/bin/install_name_tool: warning: changes being made to the file will invalidate the code signature in: /Users/gillesgoetsch/omacvm-app/runtime/.build/tmp/omarchy-qemu-gpu-runtime.SbRFfA/runtime/bin/qemu-system-aarch64
/Library/Developer/CommandLineTools/usr/bin/install_name_tool: warning: changes being made to the file will invalidate the code signature in: /Users/gillesgoetsch/omacvm-app/runtime/.build/tmp/omarchy-qemu-gpu-runtime.SbRFfA/runtime/bin/qemu-system-aarch64
/Library/Developer/CommandLineTools/usr/bin/install_name_tool: warning: changes being made to the file will invalidate the code signature in: /Users/gillesgoetsch/omacvm-app/runtime/.build/tmp/omarchy-qemu-gpu-runtime.SbRFfA/runtime/bin/qemu-system-aarch64
/Library/Developer/CommandLineTools/usr/bin/install_name_tool: warning: changes being made to the file will invalidate the code signature in: /Users/gillesgoetsch/omacvm-app/runtime/.build/tmp/omarchy-qemu-gpu-runtime.SbRFfA/runtime/bin/qemu-system-aarch64
/Library/Developer/CommandLineTools/usr/bin/install_name_tool: warning: changes being made to the file will invalidate the code signature in: /Users/gillesgoetsch/omacvm-app/runtime/.build/tmp/omarchy-qemu-gpu-runtime.SbRFfA/runtime/bin/qemu-system-aarch64
/Library/Developer/CommandLineTools/usr/bin/install_name_tool: warning: changes being made to the file will invalidate the code signature in: /Users/gillesgoetsch/omacvm-app/runtime/.build/tmp/omarchy-qemu-gpu-runtime.SbRFfA/runtime/bin/zstd
/Library/Developer/CommandLineTools/usr/bin/install_name_tool: warning: changes being made to the file will invalidate the code signature in: /Users/gillesgoetsch/omacvm-app/runtime/.build/tmp/omarchy-qemu-gpu-runtime.SbRFfA/runtime/bin/zstd
/Library/Developer/CommandLineTools/usr/bin/install_name_tool: warning: changes being made to the file will invalidate the code signature in: /Users/gillesgoetsch/omacvm-app/runtime/.build/tmp/omarchy-qemu-gpu-runtime.SbRFfA/runtime/bin/zstd
/Library/Developer/CommandLineTools/usr/bin/install_name_tool: warning: changes being made to the file will invalidate the code signature in: /Users/gillesgoetsch/omacvm-app/runtime/.build/tmp/omarchy-qemu-gpu-runtime.SbRFfA/runtime/bin/zstd
/Library/Developer/CommandLineTools/usr/bin/install_name_tool: warning: changes being made to the file will invalidate the code signature in: /Users/gillesgoetsch/omacvm-app/runtime/.build/tmp/omarchy-qemu-gpu-runtime.SbRFfA/runtime/bin/zstd
/Library/Developer/CommandLineTools/usr/bin/install_name_tool: warning: changes being made to the file will invalidate the code signature in: /Users/gillesgoetsch/omacvm-app/runtime/.build/tmp/omarchy-qemu-gpu-runtime.SbRFfA/runtime/lib/libEGL.dylib
/Library/Developer/CommandLineTools/usr/bin/install_name_tool: warning: changes being made to the file will invalidate the code signature in: /Users/gillesgoetsch/omacvm-app/runtime/.build/tmp/omarchy-qemu-gpu-runtime.SbRFfA/runtime/lib/libEGL.dylib
/Library/Developer/CommandLineTools/usr/bin/install_name_tool: warning: changes being made to the file will invalidate the code signature in: /Users/gillesgoetsch/omacvm-app/runtime/.build/tmp/omarchy-qemu-gpu-runtime.SbRFfA/runtime/lib/libEGL.dylib
/Library/Developer/CommandLineTools/usr/bin/install_name_tool: warning: changes being made to the file will invalidate the code signature in: /Users/gillesgoetsch/omacvm-app/runtime/.build/tmp/omarchy-qemu-gpu-runtime.SbRFfA/runtime/lib/libpcre2-8.0.dylib
/Library/Developer/CommandLineTools/usr/bin/install_name_tool: warning: changes being made to the file will invalidate the code signature in: /Users/gillesgoetsch/omacvm-app/runtime/.build/tmp/omarchy-qemu-gpu-runtime.SbRFfA/runtime/lib/libpcre2-8.0.dylib
/Library/Developer/CommandLineTools/usr/bin/install_name_tool: warning: changes being made to the file will invalidate the code signature in: /Users/gillesgoetsch/omacvm-app/runtime/.build/tmp/omarchy-qemu-gpu-runtime.SbRFfA/runtime/lib/libglib-2.0.0.dylib
/Library/Developer/CommandLineTools/usr/bin/install_name_tool: warning: changes being made to the file will invalidate the code signature in: /Users/gillesgoetsch/omacvm-app/runtime/.build/tmp/omarchy-qemu-gpu-runtime.SbRFfA/runtime/lib/libglib-2.0.0.dylib
/Library/Developer/CommandLineTools/usr/bin/install_name_tool: warning: changes being made to the file will invalidate the code signature in: /Users/gillesgoetsch/omacvm-app/runtime/.build/tmp/omarchy-qemu-gpu-runtime.SbRFfA/runtime/lib/libglib-2.0.0.dylib
/Library/Developer/CommandLineTools/usr/bin/install_name_tool: warning: changes being made to the file will invalidate the code signature in: /Users/gillesgoetsch/omacvm-app/runtime/.build/tmp/omarchy-qemu-gpu-runtime.SbRFfA/runtime/lib/libglib-2.0.0.dylib
/Library/Developer/CommandLineTools/usr/bin/install_name_tool: warning: changes being made to the file will invalidate the code signature in: /Users/gillesgoetsch/omacvm-app/runtime/.build/tmp/omarchy-qemu-gpu-runtime.SbRFfA/runtime/lib/libSDL2-2.0.0.dylib
/Library/Developer/CommandLineTools/usr/bin/install_name_tool: warning: changes being made to the file will invalidate the code signature in: /Users/gillesgoetsch/omacvm-app/runtime/.build/tmp/omarchy-qemu-gpu-runtime.SbRFfA/runtime/lib/libSDL2-2.0.0.dylib
/Library/Developer/CommandLineTools/usr/bin/install_name_tool: warning: changes being made to the file will invalidate the code signature in: /Users/gillesgoetsch/omacvm-app/runtime/.build/tmp/omarchy-qemu-gpu-runtime.SbRFfA/runtime/lib/libSDL2-2.0.0.dylib
/Library/Developer/CommandLineTools/usr/bin/install_name_tool: warning: changes being made to the file will invalidate the code signature in: /Users/gillesgoetsch/omacvm-app/runtime/.build/tmp/omarchy-qemu-gpu-runtime.SbRFfA/runtime/lib/libepoxy.0.dylib
/Library/Developer/CommandLineTools/usr/bin/install_name_tool: warning: changes being made to the file will invalidate the code signature in: /Users/gillesgoetsch/omacvm-app/runtime/.build/tmp/omarchy-qemu-gpu-runtime.SbRFfA/runtime/lib/libepoxy.0.dylib
/Library/Developer/CommandLineTools/usr/bin/install_name_tool: warning: changes being made to the file will invalidate the code signature in: /Users/gillesgoetsch/omacvm-app/runtime/.build/tmp/omarchy-qemu-gpu-runtime.SbRFfA/runtime/lib/libusb-1.0.0.dylib
/Library/Developer/CommandLineTools/usr/bin/install_name_tool: warning: changes being made to the file will invalidate the code signature in: /Users/gillesgoetsch/omacvm-app/runtime/.build/tmp/omarchy-qemu-gpu-runtime.SbRFfA/runtime/lib/libusb-1.0.0.dylib
/Library/Developer/CommandLineTools/usr/bin/install_name_tool: warning: changes being made to the file will invalidate the code signature in: /Users/gillesgoetsch/omacvm-app/runtime/.build/tmp/omarchy-qemu-gpu-runtime.SbRFfA/runtime/lib/libintl.8.dylib
/Library/Developer/CommandLineTools/usr/bin/install_name_tool: warning: changes being made to the file will invalidate the code signature in: /Users/gillesgoetsch/omacvm-app/runtime/.build/tmp/omarchy-qemu-gpu-runtime.SbRFfA/runtime/lib/libintl.8.dylib
/Library/Developer/CommandLineTools/usr/bin/install_name_tool: warning: changes being made to the file will invalidate the code signature in: /Users/gillesgoetsch/omacvm-app/runtime/.build/tmp/omarchy-qemu-gpu-runtime.SbRFfA/runtime/lib/liblz4.1.dylib
/Library/Developer/CommandLineTools/usr/bin/install_name_tool: warning: changes being made to the file will invalidate the code signature in: /Users/gillesgoetsch/omacvm-app/runtime/.build/tmp/omarchy-qemu-gpu-runtime.SbRFfA/runtime/lib/liblz4.1.dylib
/Library/Developer/CommandLineTools/usr/bin/install_name_tool: warning: changes being made to the file will invalidate the code signature in: /Users/gillesgoetsch/omacvm-app/runtime/.build/tmp/omarchy-qemu-gpu-runtime.SbRFfA/runtime/lib/libGLESv2.dylib
/Library/Developer/CommandLineTools/usr/bin/install_name_tool: warning: changes being made to the file will invalidate the code signature in: /Users/gillesgoetsch/omacvm-app/runtime/.build/tmp/omarchy-qemu-gpu-runtime.SbRFfA/runtime/lib/libGLESv2.dylib
/Library/Developer/CommandLineTools/usr/bin/install_name_tool: warning: changes being made to the file will invalidate the code signature in: /Users/gillesgoetsch/omacvm-app/runtime/.build/tmp/omarchy-qemu-gpu-runtime.SbRFfA/runtime/lib/libGLESv2.dylib
/Library/Developer/CommandLineTools/usr/bin/install_name_tool: warning: changes being made to the file will invalidate the code signature in: /Users/gillesgoetsch/omacvm-app/runtime/.build/tmp/omarchy-qemu-gpu-runtime.SbRFfA/runtime/lib/liblzma.5.dylib
/Library/Developer/CommandLineTools/usr/bin/install_name_tool: warning: changes being made to the file will invalidate the code signature in: /Users/gillesgoetsch/omacvm-app/runtime/.build/tmp/omarchy-qemu-gpu-runtime.SbRFfA/runtime/lib/liblzma.5.dylib
/Library/Developer/CommandLineTools/usr/bin/install_name_tool: warning: changes being made to the file will invalidate the code signature in: /Users/gillesgoetsch/omacvm-app/runtime/.build/tmp/omarchy-qemu-gpu-runtime.SbRFfA/runtime/lib/libzstd.1.dylib
/Library/Developer/CommandLineTools/usr/bin/install_name_tool: warning: changes being made to the file will invalidate the code signature in: /Users/gillesgoetsch/omacvm-app/runtime/.build/tmp/omarchy-qemu-gpu-runtime.SbRFfA/runtime/lib/libzstd.1.dylib
/Library/Developer/CommandLineTools/usr/bin/install_name_tool: warning: changes being made to the file will invalidate the code signature in: /Users/gillesgoetsch/omacvm-app/runtime/.build/tmp/omarchy-qemu-gpu-runtime.SbRFfA/runtime/lib/libzstd.1.dylib
/Library/Developer/CommandLineTools/usr/bin/install_name_tool: warning: changes being made to the file will invalidate the code signature in: /Users/gillesgoetsch/omacvm-app/runtime/.build/tmp/omarchy-qemu-gpu-runtime.SbRFfA/runtime/lib/libSDL3.dylib
/Library/Developer/CommandLineTools/usr/bin/install_name_tool: warning: changes being made to the file will invalidate the code signature in: /Users/gillesgoetsch/omacvm-app/runtime/.build/tmp/omarchy-qemu-gpu-runtime.SbRFfA/runtime/lib/libSDL3.dylib
/Library/Developer/CommandLineTools/usr/bin/install_name_tool: warning: changes being made to the file will invalidate the code signature in: /Users/gillesgoetsch/omacvm-app/runtime/.build/tmp/omarchy-qemu-gpu-runtime.SbRFfA/runtime/lib/libpixman-1.0.dylib
/Library/Developer/CommandLineTools/usr/bin/install_name_tool: warning: changes being made to the file will invalidate the code signature in: /Users/gillesgoetsch/omacvm-app/runtime/.build/tmp/omarchy-qemu-gpu-runtime.SbRFfA/runtime/lib/libpixman-1.0.dylib
[native] Relocated 17 self-contained runtime Mach-O images
[qemu-gpu-runtime] Ad-hoc signing the relocated runtime
/Users/gillesgoetsch/omacvm-app/runtime/.build/tmp/omarchy-qemu-gpu-runtime.SbRFfA/runtime/lib/libEGL.dylib: replacing existing signature
/Users/gillesgoetsch/omacvm-app/runtime/.build/tmp/omarchy-qemu-gpu-runtime.SbRFfA/runtime/lib/libGLESv2.dylib: replacing existing signature
/Users/gillesgoetsch/omacvm-app/runtime/.build/tmp/omarchy-qemu-gpu-runtime.SbRFfA/runtime/lib/libSDL2-2.0.0.dylib: replacing existing signature
/Users/gillesgoetsch/omacvm-app/runtime/.build/tmp/omarchy-qemu-gpu-runtime.SbRFfA/runtime/lib/libSDL3.dylib: replacing existing signature
/Users/gillesgoetsch/omacvm-app/runtime/.build/tmp/omarchy-qemu-gpu-runtime.SbRFfA/runtime/lib/libepoxy.0.dylib: replacing existing signature
/Users/gillesgoetsch/omacvm-app/runtime/.build/tmp/omarchy-qemu-gpu-runtime.SbRFfA/runtime/lib/libglib-2.0.0.dylib: replacing existing signature
/Users/gillesgoetsch/omacvm-app/runtime/.build/tmp/omarchy-qemu-gpu-runtime.SbRFfA/runtime/lib/libintl.8.dylib: replacing existing signature
/Users/gillesgoetsch/omacvm-app/runtime/.build/tmp/omarchy-qemu-gpu-runtime.SbRFfA/runtime/lib/liblz4.1.dylib: replacing existing signature
/Users/gillesgoetsch/omacvm-app/runtime/.build/tmp/omarchy-qemu-gpu-runtime.SbRFfA/runtime/lib/liblzma.5.dylib: replacing existing signature
/Users/gillesgoetsch/omacvm-app/runtime/.build/tmp/omarchy-qemu-gpu-runtime.SbRFfA/runtime/lib/libpcre2-8.0.dylib: replacing existing signature
/Users/gillesgoetsch/omacvm-app/runtime/.build/tmp/omarchy-qemu-gpu-runtime.SbRFfA/runtime/lib/libpixman-1.0.dylib: replacing existing signature
/Users/gillesgoetsch/omacvm-app/runtime/.build/tmp/omarchy-qemu-gpu-runtime.SbRFfA/runtime/lib/libslirp.0.dylib: replacing existing signature
/Users/gillesgoetsch/omacvm-app/runtime/.build/tmp/omarchy-qemu-gpu-runtime.SbRFfA/runtime/lib/libusb-1.0.0.dylib: replacing existing signature
/Users/gillesgoetsch/omacvm-app/runtime/.build/tmp/omarchy-qemu-gpu-runtime.SbRFfA/runtime/lib/libvirglrenderer.1.dylib: replacing existing signature
/Users/gillesgoetsch/omacvm-app/runtime/.build/tmp/omarchy-qemu-gpu-runtime.SbRFfA/runtime/lib/libzstd.1.dylib: replacing existing signature
/Users/gillesgoetsch/omacvm-app/runtime/.build/tmp/omarchy-qemu-gpu-runtime.SbRFfA/runtime/bin/zstd: replacing existing signature
/Users/gillesgoetsch/omacvm-app/runtime/.build/tmp/omarchy-qemu-gpu-runtime.SbRFfA/runtime/bin/qemu-system-aarch64: replacing existing signature
[native] Verified 17 self-contained runtime Mach-O images
[compatibility] Verified 17 Mach-O images for macOS 15.0
[native] Verified 17 self-contained runtime Mach-O images
[compatibility] Verified 17 Mach-O images for macOS 15.0
[qemu-gpu-runtime] Prepared /Users/gillesgoetsch/omacvm-app/runtime/.build/qemu-gpu-runtime
[qemu-gpu-runtime] Runtime is self-contained, targets macOS 15.0, and contains 17 pinned Mach-O images
[qemu-source-build] Pinned patched runtime is ready; scratch source and archives will now be removed
